{
"type": "FeatureCollection",
"name": "Punjab_Provincial_Boundary",
"crs": { "type": "name", "properties": { "name": "urn:ogc:def:crs:OGC:1.3:CRS84" } },
"features": [
{ "type": "Feature", "properties": { "adm1_name": "Punjab", "adm1_name1": null, "adm1_name2": null, "adm1_name3": null, "adm1_pcode": "PK6", "adm0_name": "Pakistan", "adm0_name1": null, "adm0_name2": null, "adm0_name3": null, "adm0_pcode": "PK", "valid_on": "2022-09-09T00:00:00", "valid_to": null, "area_sqkm": 205401.42693871001, "cod_versio": "V_01", "lang": "en", "lang1": null, "lang2": null, "lang3": null, "adm1_ref_n": "Punjab", "center_lat": 30.86162475, "center_lon": 72.32024937 }, "geometry": { "type": "MultiPolygon", "coordinates": [ [ [ [ 73.500892639000142, 34.017150878999985 ], [ 73.502296448000038, 34.016990662000183 ], [ 73.503219604000037, 34.017250061000027 ], [ 73.504302979000045, 34.017478943000128 ], [ 73.506706238000049, 34.017478943000128 ], [ 73.511291503999985, 34.017589569000052 ], [ 73.512007529000186, 34.017673063000018 ], [ 73.513976558000138, 34.011238631000026 ], [ 73.516386356000055, 34.001105041000187 ], [ 73.519973233000087, 33.994628249000073 ], [ 73.521770200000162, 33.991383483000163 ], [ 73.529158936000101, 33.978041710000184 ], [ 73.529919924000183, 33.975890597999978 ], [ 73.532550134000189, 33.967877385000179 ], [ 73.538708586000098, 33.951259605000132 ], [ 73.539799204000076, 33.950105475000043 ], [ 73.542954193000128, 33.946582624000143 ], [ 73.549627043000157, 33.939705310000079 ], [ 73.562483550000138, 33.926100102000021 ], [ 73.565978982000161, 33.920596656000157 ], [ 73.569716643000049, 33.914712016000124 ], [ 73.573364123000033, 33.91056358100019 ], [ 73.574203872000169, 33.909608499000058 ], [ 73.577773976000117, 33.905548068000087 ], [ 73.580995061000124, 33.899408102000109 ], [ 73.583602018000079, 33.894438772000171 ], [ 73.585540333000097, 33.881934675000025 ], [ 73.584715239000047, 33.871375441000112 ], [ 73.582860387000096, 33.862144748000105 ], [ 73.582763827000065, 33.861664220000137 ], [ 73.582193310000036, 33.860038608000139 ], [ 73.581574692000174, 33.858275941000045 ], [ 73.578165548000186, 33.848486308000133 ], [ 73.57554753300019, 33.841102363000175 ], [ 73.573960097000111, 33.835551014000146 ], [ 73.572767753000051, 33.831381320000105 ], [ 73.572286364000092, 33.828756892000172 ], [ 73.571938882000154, 33.826862500000118 ], [ 73.571860165000089, 33.826433355000063 ], [ 73.571439498000018, 33.824139974000104 ], [ 73.570832712000083, 33.820831909000049 ], [ 73.568141200000184, 33.813595274000193 ], [ 73.56721474200009, 33.811104317000058 ], [ 73.566085149000116, 33.799995021000143 ], [ 73.566664679000098, 33.788885724000124 ], [ 73.570243495000113, 33.780514020000055 ], [ 73.571654531000149, 33.777213269000015 ], [ 73.57765610600012, 33.76849108 ], [ 73.581174868000119, 33.76337720600003 ], [ 73.583045337000101, 33.760658822000153 ], [ 73.592484871000067, 33.746940191000078 ], [ 73.592695372000151, 33.746346444000039 ], [ 73.595125351000036, 33.739492355000039 ], [ 73.597212788000036, 33.733604452000066 ], [ 73.599426135000101, 33.721656966000069 ], [ 73.599125885000092, 33.70907150000005 ], [ 73.598876072000166, 33.698600183000053 ], [ 73.596937757000092, 33.687765918000082 ], [ 73.595449297000187, 33.685186037000051 ], [ 73.595365441000183, 33.685063718000094 ], [ 73.59495610800019, 33.684466628000109 ], [ 73.593099936000044, 33.681376247000117 ], [ 73.591934630000083, 33.679436271000156 ], [ 73.581663703000174, 33.671935253000186 ], [ 73.575284403000126, 33.665786854000146 ], [ 73.573884249000059, 33.664437378000059 ], [ 73.57341728900019, 33.660021121000113 ], [ 73.573265785000046, 33.658588275000056 ], [ 73.572767753000051, 33.653878144000146 ], [ 73.576094321000141, 33.643325458999982 ], [ 73.571666934, 33.634460891000174 ], [ 73.568878201000132, 33.624161597000125 ], [ 73.589433334000091, 33.614715665000176 ], [ 73.593223869000099, 33.611501832999977 ], [ 73.598601147000068, 33.606942433000029 ], [ 73.602477671000145, 33.594991999000172 ], [ 73.606404917000191, 33.590523780000012 ], [ 73.610535431000187, 33.585824292000041 ], [ 73.619706412000028, 33.578879754000127 ], [ 73.626922548999971, 33.568886528000178 ], [ 73.623304737000126, 33.559159362000173 ], [ 73.623159420000093, 33.553218894 ], [ 73.623032980000119, 33.548050064999984 ], [ 73.626139581000075, 33.542920672000037 ], [ 73.629424181000047, 33.537497380000048 ], [ 73.630653920999976, 33.531366737000042 ], [ 73.631653898000025, 33.526381536000088 ], [ 73.624198320000119, 33.523237006000159 ], [ 73.619139979000181, 33.521103556000014 ], [ 73.6136023950001, 33.515162093000015 ], [ 73.611373714000194, 33.51277086500005 ], [ 73.609125260000155, 33.49742063399998 ], [ 73.608322189000035, 33.491936955000028 ], [ 73.610581393000075, 33.487705006999988 ], [ 73.614700189000189, 33.479989665000062 ], [ 73.623032980000119, 33.470825232000038 ], [ 73.625609999000119, 33.4629051 ], [ 73.62589165900016, 33.462039456000184 ], [ 73.626474048000091, 33.460249559000147 ], [ 73.626647652000088, 33.459716012000115 ], [ 73.622482917000184, 33.450544955000055 ], [ 73.613044089000084, 33.447097879000125 ], [ 73.608030682000162, 33.445266974999981 ], [ 73.602194314000087, 33.441969003000168 ], [ 73.597213103000115, 33.439154257000155 ], [ 73.59443628300005, 33.429436310000142 ], [ 73.595824536000066, 33.417770403000077 ], [ 73.592593198000031, 33.414419924000072 ], [ 73.580550481000103, 33.401933189000147 ], [ 73.577786227000161, 33.397280943000112 ], [ 73.575272501000029, 33.393050336000101 ], [ 73.574705703000177, 33.391809734000162 ], [ 73.570832712000083, 33.383332567000139 ], [ 73.570562814000141, 33.373037012000111 ], [ 73.570541362000142, 33.372216602000094 ], [ 73.574408423000079, 33.363197030000094 ], [ 73.579537153000103, 33.351234733000183 ], [ 73.584715961000143, 33.339157345000103 ], [ 73.588707438000085, 33.339314235000131 ], [ 73.58944696400016, 33.339343303000192 ], [ 73.59542037600005, 33.339578097000071 ], [ 73.598876072000166, 33.339713927000162 ], [ 73.601775337000106, 33.337492487000191 ], [ 73.607208516000185, 33.333328793000135 ], [ 73.600784900000178, 33.324410347000082 ], [ 73.598633783000082, 33.318051946000082 ], [ 73.607123542000068, 33.311503089000098 ], [ 73.608931082000026, 33.310108783000032 ], [ 73.609076216000176, 33.308191197000156 ], [ 73.609193017000166, 33.306647973 ], [ 73.607405731000028, 33.303250317000106 ], [ 73.60661307200013, 33.301742923000063 ], [ 73.607713087000093, 33.29846252100009 ], [ 73.615842521, 33.291357011000116 ], [ 73.614980399000103, 33.289641696000047 ], [ 73.612326408000115, 33.284642203000033 ], [ 73.612102592000099, 33.281881812000165 ], [ 73.612029953000047, 33.280985926000085 ], [ 73.611825458000055, 33.278463823000038 ], [ 73.617732752000165, 33.266831529 ], [ 73.62360268700013, 33.255272799000011 ], [ 73.623513052000078, 33.25252690700006 ], [ 73.623235979000128, 33.244039084 ], [ 73.628248750000012, 33.238463154000158 ], [ 73.635828996000157, 33.235265264000077 ], [ 73.640121956000087, 33.233454187000063 ], [ 73.642769262000115, 33.232337364000102 ], [ 73.640061995000053, 33.219168405000062 ], [ 73.641175004, 33.216120724 ], [ 73.649215304000052, 33.222568159000161 ], [ 73.65402965100003, 33.222956632000034 ], [ 73.657920963000095, 33.219976669000118 ], [ 73.66019493400006, 33.218235263000111 ], [ 73.660968161000199, 33.217905619000192 ], [ 73.662440008000033, 33.217278136000061 ], [ 73.667060892000052, 33.215308145000051 ], [ 73.668540737000058, 33.202853067000149 ], [ 73.669448819000195, 33.19521022400005 ], [ 73.669686968000121, 33.193205846000126 ], [ 73.669883235999976, 33.191553962000057 ], [ 73.669472099000188, 33.180964591000077 ], [ 73.668580112000029, 33.157990333000043 ], [ 73.665947503000041, 33.154896291 ], [ 73.661164092000149, 33.149274463000097 ], [ 73.643814207000162, 33.141812604000052 ], [ 73.637698407000016, 33.13865959900005 ], [ 73.637142635000089, 33.13839903700017 ], [ 73.631791010000029, 33.135941377000051 ], [ 73.630087029000151, 33.133325208000031 ], [ 73.627284975000123, 33.129023136000058 ], [ 73.626647676000061, 33.128044672999977 ], [ 73.626372644000071, 33.114997062000043 ], [ 73.625859359000117, 33.112584790000085 ], [ 73.624421233000135, 33.105826081000146 ], [ 73.626459049000175, 33.100002523000057 ], [ 73.628310960000192, 33.09471023600014 ], [ 73.635001389000195, 33.090804761000186 ], [ 73.639029266000136, 33.08845352600008 ], [ 73.643051323000122, 33.086105688000146 ], [ 73.656937124000137, 33.081109288000107 ], [ 73.695814750000125, 33.072769949000133 ], [ 73.705617198000084, 33.069219781000186 ], [ 73.708320819000051, 33.068240606000074 ], [ 73.72622114700016, 33.061757616000136 ], [ 73.750274202000185, 33.053046283000128 ], [ 73.755726528000139, 33.049232869000093 ], [ 73.756851346000133, 33.048446159000036 ], [ 73.758606993000171, 33.04721824000012 ], [ 73.764404134000131, 33.038186436000103 ], [ 73.773939983000162, 33.023329816000114 ], [ 73.778696761000049, 33.022255908000091 ], [ 73.781669023000177, 33.02108647700004 ], [ 73.78954445100004, 33.017987904999984 ], [ 73.802221883000186, 33.01089816800004 ], [ 73.805817409000156, 33.008887403000188 ], [ 73.81540938, 33.010055744000169 ], [ 73.817214833000094, 33.010275656000033 ], [ 73.822496087000104, 33.011938940000164 ], [ 73.825440750000098, 33.013348044000054 ], [ 73.825873025000078, 33.013554900000145 ], [ 73.848037973000089, 33.024161458000037 ], [ 73.857483985999977, 33.02776960500006 ], [ 73.860809948000053, 33.030273898000189 ], [ 73.873634475000188, 33.03356774000008 ], [ 73.880265737000173, 33.035270754000123 ], [ 73.886107142000071, 33.035827454000184 ], [ 73.887203859000124, 33.036194465000051 ], [ 73.891096728000036, 33.03749719700005 ], [ 73.897766235000063, 33.037772228000165 ], [ 73.902153076000047, 33.037554955000189 ], [ 73.903319246000081, 33.03749719700005 ], [ 73.918540919000179, 33.034643484000071 ], [ 73.921097571000132, 33.0341641710001 ], [ 73.942200145000186, 33.021935015000111 ], [ 73.945251682000162, 33.017770256 ], [ 73.949141705000102, 33.014718090000088 ], [ 73.950412400000118, 33.012008550000076 ], [ 73.951095984000062, 33.010550925000189 ], [ 73.951799240000128, 33.009851295000033 ], [ 73.95416400300013, 33.007499151000104 ], [ 73.958328599000083, 32.998328528000059 ], [ 73.960838148000164, 32.994645864000177 ], [ 73.962945645000048, 32.991553195 ], [ 73.964478547, 32.989303721000056 ], [ 73.974424635000162, 32.974708228000054 ], [ 73.974860187000161, 32.974211918000037 ], [ 73.980269048000139, 32.96804854300018 ], [ 73.982798513000034, 32.966057444000171 ], [ 73.984145678000061, 32.964997007000079 ], [ 73.986375396000142, 32.961663890000068 ], [ 73.989473457000088, 32.960331307000047 ], [ 73.990265123000029, 32.959990784000013 ], [ 73.998989486000085, 32.954182153000033 ], [ 74.002775768000163, 32.95166126700019 ], [ 74.027207707000116, 32.941102034000039 ], [ 74.031133288000092, 32.939893569000105 ], [ 74.039946082000085, 32.937180608000119 ], [ 74.041186243000084, 32.936798833000012 ], [ 74.045226387000071, 32.935555101000148 ], [ 74.048872963000179, 32.934432527000183 ], [ 74.067951780000044, 32.930036207000057 ], [ 74.075874959000032, 32.928210474000082 ], [ 74.077774159000114, 32.927772843000184 ], [ 74.084152263000078, 32.92527136800004 ], [ 74.099252266000065, 32.917720057999986 ], [ 74.103041014000041, 32.915825356000084 ], [ 74.104337351000083, 32.914944196000192 ], [ 74.110810645000129, 32.910544102000131 ], [ 74.123220723000031, 32.906000263000124 ], [ 74.130537586000116, 32.903321259000165 ], [ 74.134409689000165, 32.901579260000176 ], [ 74.143088738000188, 32.897674690000031 ], [ 74.14471479000008, 32.896943154000098 ], [ 74.147675068000012, 32.895021029000134 ], [ 74.149429610000084, 32.893881795000027 ], [ 74.157102700000053, 32.89100523400009 ], [ 74.16053890600017, 32.889717037000025 ], [ 74.168318361, 32.885827310000138 ], [ 74.189148700000032, 32.878326161000075 ], [ 74.190134096000179, 32.877823789000047 ], [ 74.195301736000033, 32.875189236000153 ], [ 74.203322630000173, 32.871100044000173 ], [ 74.211992280000061, 32.867821074000119 ], [ 74.213606832000039, 32.867210317000115 ], [ 74.216986850000126, 32.865294086000119 ], [ 74.221923252000181, 32.862495496 ], [ 74.22233278300007, 32.862358896000103 ], [ 74.226929475000077, 32.86082566400006 ], [ 74.257309053000142, 32.844974367000077 ], [ 74.258881432000123, 32.84415393900008 ], [ 74.262027045000082, 32.843010202000016 ], [ 74.274156262000076, 32.838600523000139 ], [ 74.278045989000134, 32.836105597000085 ], [ 74.285454630000174, 32.83332817500019 ], [ 74.289155285000049, 32.83194083900014 ], [ 74.298380728000154, 32.827706841000122 ], [ 74.302474653000047, 32.825827943000093 ], [ 74.306524923000154, 32.823581325000191 ], [ 74.314988573, 32.818886679000059 ], [ 74.321108609000134, 32.81689297600019 ], [ 74.326094595000029, 32.815268709000179 ], [ 74.328602242000102, 32.815376776000164 ], [ 74.332780473000071, 32.815556837000031 ], [ 74.334725337000066, 32.809722246000035 ], [ 74.335933747000183, 32.805006883000033 ], [ 74.337501696000174, 32.798888553000097 ], [ 74.34214739500004, 32.79180481800006 ], [ 74.343329884000127, 32.790001854000081 ], [ 74.350556002000076, 32.782222400000023 ], [ 74.352997639000023, 32.78052171000013 ], [ 74.359726983000144, 32.775834473000032 ], [ 74.366755837000085, 32.773052620000158 ], [ 74.368407148000074, 32.772399070000063 ], [ 74.371664646999989, 32.771109829000068 ], [ 74.378890764000062, 32.769721577000155 ], [ 74.387223555000048, 32.769168240000113 ], [ 74.396626679000178, 32.770126940000182 ], [ 74.400834325000176, 32.770556493000129 ], [ 74.412225201000126, 32.774442946000079 ], [ 74.419751018000113, 32.779855766000139 ], [ 74.421111328000052, 32.780834147000178 ], [ 74.422687210000049, 32.781884735000062 ], [ 74.430275761000075, 32.786943769000118 ], [ 74.440703811000105, 32.791609715000163 ], [ 74.441927183000075, 32.791916583000159 ], [ 74.446944617000099, 32.793056665000165 ], [ 74.45444576500006, 32.793056665000165 ], [ 74.461668639000152, 32.791691260999983 ], [ 74.463417556000138, 32.787582672000156 ], [ 74.466065834000062, 32.781361290000177 ], [ 74.477921643000059, 32.775330249000035 ], [ 74.479745362000187, 32.772671614000046 ], [ 74.502694097000131, 32.759876114000065 ], [ 74.511647218000121, 32.753931762000093 ], [ 74.531533083000113, 32.740728704000162 ], [ 74.541214837000041, 32.744670817999975 ], [ 74.543106256000158, 32.745440732000134 ], [ 74.567107060000183, 32.75521040600006 ], [ 74.56978100800012, 32.755350644000089 ], [ 74.573599761000139, 32.755550921000065 ], [ 74.574458856000092, 32.75520738400013 ], [ 74.579192062, 32.753314656000043 ], [ 74.580427624000095, 32.753606427000079 ], [ 74.594138698, 32.756844223000144 ], [ 74.614707104000104, 32.757679139000118 ], [ 74.632796954000128, 32.777664740000034 ], [ 74.63593341700016, 32.782766484000092 ], [ 74.641539017000184, 32.791884508000066 ], [ 74.637445401000036, 32.809864068000024 ], [ 74.637230195000029, 32.810809274000064 ], [ 74.637450865000119, 32.81290141900007 ], [ 74.637999627000056, 32.818104150000067 ], [ 74.641392310000015, 32.822172034000175 ], [ 74.641997402000186, 32.822897551000096 ], [ 74.661462409000194, 32.828028192000147 ], [ 74.674209467000082, 32.834722768000177 ], [ 74.680832463000058, 32.838201073000107 ], [ 74.695287421000046, 32.839551839000137 ], [ 74.697020014000145, 32.839713744000107 ], [ 74.70038586600009, 32.827029592000088 ], [ 74.694580750000114, 32.809515973000089 ], [ 74.688755135000122, 32.798182404000158 ], [ 74.687675502000047, 32.796082008000099 ], [ 74.67776455600017, 32.781570838000107 ], [ 74.669483097000182, 32.76943513100008 ], [ 74.66754256300004, 32.766591460000086 ], [ 74.667788794000046, 32.765023947000145 ], [ 74.668043512000168, 32.763402407000058 ], [ 74.664387900000065, 32.758311354999989 ], [ 74.661881504000121, 32.754820779000056 ], [ 74.650140291000071, 32.718411886000183 ], [ 74.65419045200008, 32.692450905000044 ], [ 74.662050733, 32.680554880000102 ], [ 74.669352437000043, 32.674990095 ], [ 74.675322017000099, 32.666250908000166 ], [ 74.675950012000101, 32.660413561000098 ], [ 74.676209320000112, 32.658003246000078 ], [ 74.669212395000159, 32.645937888999981 ], [ 74.665038799000172, 32.642608919000054 ], [ 74.658453436000173, 32.63735626100015 ], [ 74.649252988000114, 32.625867160000155 ], [ 74.644907807000038, 32.616739256000187 ], [ 74.642197127000088, 32.611044942000149 ], [ 74.642455879000181, 32.60748420900012 ], [ 74.643178106000164, 32.597542972000156 ], [ 74.643293977999974, 32.595950968000068 ], [ 74.648025170000096, 32.571869366000044 ], [ 74.650884825000048, 32.564195707000124 ], [ 74.651122242000042, 32.563558618000059 ], [ 74.652389642000117, 32.560157651000111 ], [ 74.659995575000153, 32.553245825000033 ], [ 74.661288528000114, 32.552073749000044 ], [ 74.661956810000163, 32.551467944000137 ], [ 74.663109561000056, 32.550642894000077 ], [ 74.680511594000052, 32.538187866000158 ], [ 74.681064139000057, 32.536303176 ], [ 74.683029273000102, 32.529599078000047 ], [ 74.679175728000018, 32.515399566000099 ], [ 74.67973764400017, 32.51242571500012 ], [ 74.680494074000023, 32.508425534000025 ], [ 74.681366154999978, 32.503812240000059 ], [ 74.684208812000122, 32.498125193000135 ], [ 74.686736403000054, 32.493069241000114 ], [ 74.693557648000194, 32.488324193000096 ], [ 74.695116978000101, 32.487239480000142 ], [ 74.698417914000174, 32.484943257000168 ], [ 74.721098342000062, 32.481737711000108 ], [ 74.723222775000067, 32.481715430000122 ], [ 74.743575594000163, 32.481501970000068 ], [ 74.746257164000156, 32.480005578000089 ], [ 74.747694514000045, 32.479203495000036 ], [ 74.752567823000163, 32.47954949200016 ], [ 74.758024555000077, 32.479936912000085 ], [ 74.761383865000198, 32.482173177000107 ], [ 74.781092164000086, 32.483164963000092 ], [ 74.781859655000119, 32.483203586000172 ], [ 74.798859974000095, 32.484059098000102 ], [ 74.818573985000114, 32.496062253000161 ], [ 74.827524028000141, 32.496142679000059 ], [ 74.835334517000092, 32.496212866000121 ], [ 74.844603348000021, 32.494654389 ], [ 74.856423517000053, 32.492666927000073 ], [ 74.861511594000149, 32.489477874999977 ], [ 74.86886473900006, 32.487614548000124 ], [ 74.876654682000037, 32.48564053500013 ], [ 74.882872351000174, 32.48181956600007 ], [ 74.885229762000108, 32.478411143000017 ], [ 74.890507777000096, 32.470769702999974 ], [ 74.890998869000043, 32.470058708000067 ], [ 74.899659077000194, 32.466126416000122 ], [ 74.924117210000134, 32.468248085000084 ], [ 74.931765626000072, 32.467700642000182 ], [ 74.933103831000039, 32.467604859000119 ], [ 74.933631980000087, 32.467567056000121 ], [ 74.936819684000056, 32.46536871800015 ], [ 74.943572393000011, 32.4607109210001 ], [ 74.946155812000029, 32.457498717000078 ], [ 74.948899486000187, 32.454087253000068 ], [ 74.958831402000044, 32.453051502000108 ], [ 74.9638755900001, 32.45252546800009 ], [ 74.967754437000167, 32.450594292000176 ], [ 74.973115022000059, 32.447925397000063 ], [ 74.979346095000039, 32.447768083000028 ], [ 74.984369866000122, 32.448824907000073 ], [ 74.987875337000162, 32.449562334000063 ], [ 74.991109265000034, 32.452111863000084 ], [ 74.993634612000164, 32.454103810000106 ], [ 74.999999629000058, 32.459122943000182 ], [ 75.001386925000077, 32.462884252000094 ], [ 75.001541539000073, 32.463303451000058 ], [ 75.002806409000129, 32.464900123000177 ], [ 75.006089606000046, 32.469043710999983 ], [ 75.011750665000136, 32.476184700000147 ], [ 75.02098305100003, 32.484966421000081 ], [ 75.021409499000129, 32.485372052000173 ], [ 75.030174481000074, 32.491756705000057 ], [ 75.031111579000139, 32.491801758000179 ], [ 75.036644263000142, 32.492067752000139 ], [ 75.061400346000084, 32.482012742000052 ], [ 75.071609242000079, 32.482962255000189 ], [ 75.082626774000062, 32.480044983000028 ], [ 75.094084063000082, 32.469544451000047 ], [ 75.098182495000117, 32.465874304000067 ], [ 75.106751027000143, 32.455040039000039 ], [ 75.109786193000048, 32.454038140000193 ], [ 75.118881867000198, 32.443763760000081 ], [ 75.119343689, 32.443242807000047 ], [ 75.120902037000178, 32.441484930000172 ], [ 75.121164250000106, 32.440726883000082 ], [ 75.121371752000073, 32.44012700400009 ], [ 75.127928430000054, 32.421171911000158 ], [ 75.139601075000144, 32.414581404000103 ], [ 75.147635725000043, 32.413382634000072 ], [ 75.153202620000116, 32.414747587000079 ], [ 75.160401757000102, 32.416512751000141 ], [ 75.179542619000188, 32.425438169000188 ], [ 75.180854421, 32.425298045000147 ], [ 75.188523678000138, 32.424478836000162 ], [ 75.192344666999986, 32.419842593000112 ], [ 75.195464961000084, 32.405308504000061 ], [ 75.200248540000189, 32.402322451000032 ], [ 75.219069755000021, 32.400435108000067 ], [ 75.221737682000082, 32.400167576000172 ], [ 75.223855385000036, 32.399955218000173 ], [ 75.22946754700007, 32.399394959000119 ], [ 75.231530065000186, 32.399189059000093 ], [ 75.232721893000019, 32.398466613000039 ], [ 75.237158383000121, 32.395777363000093 ], [ 75.245315234000088, 32.38781562700018 ], [ 75.253309917000138, 32.380012181000041 ], [ 75.280335008000065, 32.367262520000054 ], [ 75.283198568000046, 32.364084248000154 ], [ 75.289063974000044, 32.357574219000185 ], [ 75.30323612900014, 32.349525809 ], [ 75.311485566000158, 32.344840929000156 ], [ 75.317505413000049, 32.340666696000028 ], [ 75.330420155000127, 32.33171146300009 ], [ 75.331535548000147, 32.330085582000095 ], [ 75.333939899000029, 32.326580821000107 ], [ 75.336670566000123, 32.322592869 ], [ 75.33578922800001, 32.315740343000073 ], [ 75.334326253000029, 32.304365502999985 ], [ 75.335120767000035, 32.300762155000143 ], [ 75.335391972000195, 32.299532166000063 ], [ 75.335506672000122, 32.299011968000173 ], [ 75.336228552000136, 32.295738036000159 ], [ 75.338127924000105, 32.292047152000123 ], [ 75.339919209000072, 32.288567261000082 ], [ 75.346229188000166, 32.285490817999971 ], [ 75.349387485000079, 32.283950984000114 ], [ 75.355948944000033, 32.27415790900011 ], [ 75.372175785000195, 32.273516169000175 ], [ 75.375150442000177, 32.271969958 ], [ 75.376641768000127, 32.271194775000083 ], [ 75.379385174000106, 32.267094740000061 ], [ 75.380813075000049, 32.264960734000056 ], [ 75.381173302000093, 32.263646241000117 ], [ 75.381866892000119, 32.26111295200019 ], [ 75.375397578000047, 32.252564642000095 ], [ 75.374870436000094, 32.229144468000129 ], [ 75.374787715000139, 32.225665439000124 ], [ 75.374755840000034, 32.224324874000104 ], [ 75.363944494000066, 32.216270389000101 ], [ 75.360416196000187, 32.214516342000024 ], [ 75.354796432000057, 32.211722551000037 ], [ 75.334008279000045, 32.204954365000106 ], [ 75.322846974000129, 32.201320478000071 ], [ 75.318560810000065, 32.194867655000053 ], [ 75.317192474000194, 32.192807232 ], [ 75.317794913, 32.170818208000185 ], [ 75.314232305000132, 32.159188033000078 ], [ 75.309403187000044, 32.154611012000146 ], [ 75.298964076000061, 32.149640083000179 ], [ 75.29304161500005, 32.146819906000133 ], [ 75.28802605900006, 32.144431582999971 ], [ 75.283265400000062, 32.142169124000134 ], [ 75.277709631000164, 32.135769556000128 ], [ 75.277250729000059, 32.135240957000178 ], [ 75.276172711000186, 32.127995807000048 ], [ 75.275637999000196, 32.124402112000155 ], [ 75.274811464000095, 32.118847132000099 ], [ 75.271972749000156, 32.112750607000066 ], [ 75.24980535200018, 32.095452516000137 ], [ 75.239165455000091, 32.087149786000055 ], [ 75.237871387000155, 32.086521218000087 ], [ 75.233429090000186, 32.084363458000098 ], [ 75.227761483000108, 32.084556635000183 ], [ 75.226134091000119, 32.087062563000018 ], [ 75.223570531000121, 32.091010045000132 ], [ 75.224958784000137, 32.106899646000102 ], [ 75.223170825000068, 32.111376051000036 ], [ 75.222709422000037, 32.112531237000042 ], [ 75.211889338000049, 32.119064091000041 ], [ 75.211359056000049, 32.11879569600012 ], [ 75.208720281000126, 32.117467282000121 ], [ 75.205009199000187, 32.115599145000033 ], [ 75.201371584000015, 32.105337862 ], [ 75.201263639000047, 32.097772553000141 ], [ 75.2011784070001, 32.091799123000101 ], [ 75.199956363000069, 32.089853230000074 ], [ 75.194351740000059, 32.080928842000105 ], [ 75.189459937000095, 32.077700937000145 ], [ 75.171903955000175, 32.066116447000127 ], [ 75.151947822000068, 32.066777832000071 ], [ 75.128006495000193, 32.073904667000079 ], [ 75.126694063000173, 32.074295351000046 ], [ 75.122539354000196, 32.070590509000112 ], [ 75.111046748000035, 32.060341735000179 ], [ 75.095916762000115, 32.059528795000062 ], [ 75.087358053000116, 32.054761587000144 ], [ 75.082740103000106, 32.055648234000046 ], [ 75.0816279, 32.055862005000051 ], [ 75.07363250200018, 32.0628158990001 ], [ 75.060555315000045, 32.050469817000135 ], [ 75.050850934000096, 32.041307978000134 ], [ 75.047555687000056, 32.039932967000141 ], [ 75.045884002000037, 32.039235421000171 ], [ 75.030989752000096, 32.040581109000129 ], [ 75.023026944000094, 32.039048793000177 ], [ 75.017335092000053, 32.035083109000141 ], [ 75.011703126000043, 32.031159150000121 ], [ 75.010611250000068, 32.030398406000074 ], [ 75.004927271000099, 32.028754768000113 ], [ 75.00446114000016, 32.02874857300003 ], [ 74.999999629000058, 32.028689284000052 ], [ 74.999276354000131, 32.028680041000086 ], [ 74.998411651000083, 32.028666365000163 ], [ 74.987402567000117, 32.03466159400017 ], [ 74.987021878000178, 32.034948348000114 ], [ 74.966126934000044, 32.050662767000119 ], [ 74.960319829000184, 32.055030070000043 ], [ 74.953739539000139, 32.057074984000167 ], [ 74.946296512000117, 32.05938800500013 ], [ 74.93250238700017, 32.060314598000161 ], [ 74.931957202000092, 32.060136190000151 ], [ 74.920135806000019, 32.056267711000089 ], [ 74.910833586000081, 32.050419503000057 ], [ 74.909042880000072, 32.049293704999968 ], [ 74.900679518000118, 32.042550612000127 ], [ 74.899258533000079, 32.041404920000161 ], [ 74.894904706000148, 32.037894579000067 ], [ 74.881765678000193, 32.027301031000036 ], [ 74.879307201000074, 32.025623143000075 ], [ 74.866936912000142, 32.017180538000105 ], [ 74.858564964000038, 32.011468964000017 ], [ 74.850945812000077, 32.006270967000091 ], [ 74.848048761000086, 32.002533745000164 ], [ 74.847243248000154, 32.001494626000067 ], [ 74.83806398400003, 32.000613335000025 ], [ 74.831680531000075, 32.000000910000097 ], [ 74.830963701000087, 31.998654167000154 ], [ 74.824578833000089, 31.986658622000164 ], [ 74.823451904000194, 31.982936816000063 ], [ 74.822447341000156, 31.979619133000085 ], [ 74.813607430000104, 31.961142046000077 ], [ 74.810866562000172, 31.955413113000134 ], [ 74.809139802000118, 31.952269523000041 ], [ 74.807801929, 31.949833908000073 ], [ 74.806880999000043, 31.949022179000167 ], [ 74.804488458000037, 31.946913339000105 ], [ 74.798391933000175, 31.944051705000106 ], [ 74.78455197, 31.939595544000099 ], [ 74.761888089000195, 31.936268976000179 ], [ 74.736418892000074, 31.93713006400003 ], [ 74.733883817000162, 31.938441490000173 ], [ 74.72665462700013, 31.942182147000153 ], [ 74.718304304000128, 31.956832215000134 ], [ 74.717788376000101, 31.957737376000125 ], [ 74.71464994300004, 31.957814323000036 ], [ 74.70919724200013, 31.957947316000116 ], [ 74.70845008800012, 31.952837092000038 ], [ 74.705061403000173, 31.930575176000161 ], [ 74.704349502000127, 31.928326658000117 ], [ 74.70326387800003, 31.924897746000056 ], [ 74.693775378000112, 31.918795210000155 ], [ 74.686135009000054, 31.913881300000185 ], [ 74.678573279000034, 31.909017968000171 ], [ 74.647720671000059, 31.88480867300018 ], [ 74.645105946000172, 31.882174666000083 ], [ 74.638841092000177, 31.875863611000113 ], [ 74.622523839000166, 31.863656639000112 ], [ 74.619864293000035, 31.86166702700018 ], [ 74.610375131000069, 31.857465658000081 ], [ 74.589928102000158, 31.848412877000044 ], [ 74.583562621000056, 31.843108310000162 ], [ 74.581382489000134, 31.84129153300006 ], [ 74.580111869000177, 31.838782562 ], [ 74.576225654000098, 31.831108830000119 ], [ 74.576127429000053, 31.827906681000115 ], [ 74.575147590000029, 31.826365164000038 ], [ 74.574041988000033, 31.824625792000177 ], [ 74.573020231000157, 31.823018329000149 ], [ 74.569361569000137, 31.821647895000069 ], [ 74.567277317000162, 31.820867192000094 ], [ 74.565203429000178, 31.821055796000053 ], [ 74.558204562000071, 31.821692286000143 ], [ 74.543824357000119, 31.822298006000153 ], [ 74.541840205000085, 31.818781539000099 ], [ 74.541679770000087, 31.812966593000169 ], [ 74.54147349700014, 31.805530928000167 ], [ 74.540096928000196, 31.798049799000125 ], [ 74.537917736, 31.786206712000023 ], [ 74.539954277000049, 31.777435181000158 ], [ 74.540668629000152, 31.773969662000184 ], [ 74.541627383000105, 31.769318486000145 ], [ 74.545998415000099, 31.763090993999981 ], [ 74.545471242000076, 31.757606728999974 ], [ 74.541640480000183, 31.756064602000038 ], [ 74.533578374000172, 31.756944082000132 ], [ 74.525511864000123, 31.761552129000108 ], [ 74.520600593000097, 31.761971224000092 ], [ 74.517149606000089, 31.760422537000125 ], [ 74.517745507000086, 31.75426707600019 ], [ 74.517832336000083, 31.751587220000147 ], [ 74.517879492000077, 31.750146919000031 ], [ 74.518073374000153, 31.74422513899998 ], [ 74.518094314000109, 31.743585572000086 ], [ 74.518111654000109, 31.743052061000128 ], [ 74.518092286000126, 31.741651090000119 ], [ 74.517956281000124, 31.738249428000188 ], [ 74.517280608000078, 31.722910974000115 ], [ 74.519782048000138, 31.717687926000167 ], [ 74.520376141000156, 31.71657311600012 ], [ 74.520597772000144, 31.716157228000156 ], [ 74.530226685000059, 31.698088678000147 ], [ 74.535580603000199, 31.689835240999969 ], [ 74.541489868000156, 31.680725696000081 ], [ 74.550552482000057, 31.667044416000124 ], [ 74.557114260000105, 31.65713849600013 ], [ 74.571815037000079, 31.633947237000029 ], [ 74.575804091000123, 31.627654293000148 ], [ 74.578497936000133, 31.62340460900009 ], [ 74.57914504200005, 31.622005964000095 ], [ 74.583467410000083, 31.612663665000071 ], [ 74.586349422000183, 31.606434529000182 ], [ 74.592606382000042, 31.592309712000031 ], [ 74.600889430000109, 31.567888608000032 ], [ 74.602072734000103, 31.560610678000046 ], [ 74.604476710000085, 31.545684289000064 ], [ 74.605804572000181, 31.537483757000132 ], [ 74.605846671000165, 31.536973190000026 ], [ 74.607336922000115, 31.51889275100001 ], [ 74.609899232000032, 31.511501105000036 ], [ 74.61174069600014, 31.506188929000132 ], [ 74.630567491000136, 31.487345706000099 ], [ 74.634253964000038, 31.483656015000065 ], [ 74.639479557000129, 31.47184277000008 ], [ 74.64111329800005, 31.464702115000136 ], [ 74.62534491800011, 31.423617358000115 ], [ 74.601204381000116, 31.40403448100011 ], [ 74.594574165000097, 31.397093217000076 ], [ 74.586107791000131, 31.378032149000035 ], [ 74.577068107000059, 31.357680338000193 ], [ 74.572119831000066, 31.346539863000089 ], [ 74.571214579000127, 31.344453081999973 ], [ 74.569661842000187, 31.340873720000104 ], [ 74.568086040000196, 31.337241188000121 ], [ 74.567929009000068, 31.336567939000133 ], [ 74.567801186000054, 31.33601991900008 ], [ 74.56750842100007, 31.334779210000193 ], [ 74.55187239300011, 31.298454283000126 ], [ 74.550254884000083, 31.294695802000092 ], [ 74.550364840000157, 31.292498974000068 ], [ 74.551610837000112, 31.267604941000116 ], [ 74.551672571000097, 31.26637154000008 ], [ 74.552604822000035, 31.263092807000135 ], [ 74.5531164840001, 31.261293286000011 ], [ 74.552055511000162, 31.253071371000033 ], [ 74.547927416000107, 31.239854185000127 ], [ 74.537207239000111, 31.205530709000016 ], [ 74.53364493000015, 31.193927011000085 ], [ 74.533556884000177, 31.189702505000128 ], [ 74.533134158000166, 31.169419766000146 ], [ 74.533746847000145, 31.165995351000049 ], [ 74.535851728000125, 31.154230841000071 ], [ 74.544174696000084, 31.136101700000097 ], [ 74.544747678000078, 31.134857511000121 ], [ 74.544987694000042, 31.134331958000075 ], [ 74.545317385000033, 31.133610049000083 ], [ 74.556174570000167, 31.123270185000081 ], [ 74.559642858000075, 31.119913868000083 ], [ 74.564186491000044, 31.115516924000076 ], [ 74.569428252000023, 31.11235880400011 ], [ 74.574126904000138, 31.110009752000053 ], [ 74.579851026000028, 31.108453237000163 ], [ 74.581520005000186, 31.107999405000101 ], [ 74.585817270000177, 31.108633698000062 ], [ 74.590880888000129, 31.109381109000026 ], [ 74.604255918000092, 31.119370635000166 ], [ 74.617562189000182, 31.119049765999989 ], [ 74.636870035000072, 31.114914475000091 ], [ 74.650680530000102, 31.112455565000175 ], [ 74.664435365000145, 31.106673361000162 ], [ 74.67041762100007, 31.101275456000167 ], [ 74.671775971000159, 31.100049791000117 ], [ 74.672197196000127, 31.099259158000166 ], [ 74.678978701000176, 31.08650082600019 ], [ 74.682247711000116, 31.078710335000153 ], [ 74.683854532000112, 31.074881064000124 ], [ 74.685959461000095, 31.068626958000152 ], [ 74.687148359000048, 31.065094537000164 ], [ 74.685697896000192, 31.061463470000035 ], [ 74.682472906000157, 31.058837879000123 ], [ 74.67995498300013, 31.056787939000117 ], [ 74.669041028000095, 31.056637692000038 ], [ 74.662117245, 31.056542376000152 ], [ 74.659018158000038, 31.054627450000169 ], [ 74.656410347000133, 31.053016083000159 ], [ 74.654422335000163, 31.049551300000076 ], [ 74.651610398000116, 31.044650550000142 ], [ 74.649161310000181, 31.026835731000062 ], [ 74.639129220000029, 31.02111901100011 ], [ 74.633159509000166, 31.021711817000153 ], [ 74.626929621000045, 31.022330458000056 ], [ 74.617781560000083, 31.027366149000102 ], [ 74.605117027, 31.038904363000142 ], [ 74.601544628000113, 31.042265466000174 ], [ 74.597367041000041, 31.046195964000106 ], [ 74.594885925000085, 31.049175973000047 ], [ 74.592498334000197, 31.05204365100019 ], [ 74.581129119000138, 31.060459590999983 ], [ 74.571700736000139, 31.067438850000087 ], [ 74.558394464000173, 31.06752725299998 ], [ 74.555373472000156, 31.064520246000143 ], [ 74.554932737000172, 31.064082785000096 ], [ 74.553443903000073, 31.062599611000167 ], [ 74.544220535000079, 31.015146905000165 ], [ 74.544337577000135, 31.012975883000138 ], [ 74.544554501000164, 31.008952155000088 ], [ 74.548476942000093, 30.992843299000015 ], [ 74.541732157000069, 30.987241060000031 ], [ 74.536022170000194, 30.983993663000035 ], [ 74.533608279000077, 30.982620761000135 ], [ 74.517578524000044, 30.971767281000041 ], [ 74.514687712000125, 30.970456632000037 ], [ 74.502196421000178, 30.964793275000147 ], [ 74.491440737000062, 30.969400048000011 ], [ 74.485092100000088, 30.970467431000145 ], [ 74.470589546999975, 30.965988990000085 ], [ 74.46933301700011, 30.964454130000092 ], [ 74.467827343000067, 30.962612671000045 ], [ 74.46539720200019, 30.961871078000058 ], [ 74.464340340000149, 30.961548562000189 ], [ 74.446394554000165, 30.94889712600019 ], [ 74.428671412000085, 30.934405601000151 ], [ 74.420698781999988, 30.925876360000075 ], [ 74.419885866000072, 30.918157228000155 ], [ 74.419205755000178, 30.911699156000168 ], [ 74.416108116000146, 30.906041396000091 ], [ 74.412925876000088, 30.906342596000172 ], [ 74.402484196000159, 30.904706784000155 ], [ 74.395037783000191, 30.903540126000109 ], [ 74.382721556000149, 30.891667716000086 ], [ 74.378343402999974, 30.890211297000121 ], [ 74.376274694000131, 30.889523128000121 ], [ 74.374121128000127, 30.888698567000176 ], [ 74.365525557000126, 30.885407482000119 ], [ 74.362596559000053, 30.880495089000135 ], [ 74.361884668000016, 30.879301135000162 ], [ 74.362212086000113, 30.872415532 ], [ 74.369186102000185, 30.862954995000166 ], [ 74.371147326000084, 30.860294514000032 ], [ 74.37128519200013, 30.859084954000139 ], [ 74.371985510000172, 30.852940757000056 ], [ 74.370562348000192, 30.851810265000154 ], [ 74.363007712000069, 30.84580953700015 ], [ 74.358757825000055, 30.845904488000087 ], [ 74.351247540000088, 30.849932260000116 ], [ 74.344079672000134, 30.85242010900015 ], [ 74.336486846000014, 30.847315660000163 ], [ 74.325331791000167, 30.847335305000115 ], [ 74.323471152000138, 30.846103140000025 ], [ 74.319641185000023, 30.843566723000038 ], [ 74.318115400000181, 30.82778515200016 ], [ 74.306504921000112, 30.813981246000026 ], [ 74.300506871000152, 30.80685005700019 ], [ 74.29826328200005, 30.802221804000112 ], [ 74.294570979000127, 30.794604246000119 ], [ 74.299599923000073, 30.78509312400007 ], [ 74.296227516000158, 30.778518569000084 ], [ 74.287560521999978, 30.772749463000082 ], [ 74.280246901000169, 30.772760076000168 ], [ 74.264998568000181, 30.772782204 ], [ 74.264466122000158, 30.771876183000131 ], [ 74.262093668000148, 30.76813841 ], [ 74.265258814000049, 30.763848458000155 ], [ 74.266288405000012, 30.76243906600007 ], [ 74.273697877000075, 30.743252364999989 ], [ 74.282462840000107, 30.734575654000025 ], [ 74.282321920000186, 30.733641357000067 ], [ 74.281808023000167, 30.730234221000046 ], [ 74.280819499000131, 30.729832181000177 ], [ 74.279663434000099, 30.729363289000105 ], [ 74.272435735000101, 30.730689167000037 ], [ 74.268311463000089, 30.731445442000165 ], [ 74.254006952000054, 30.723044120000168 ], [ 74.243441961000087, 30.722342974000014 ], [ 74.240982260000067, 30.722179736000044 ], [ 74.232155068000168, 30.719622601000083 ], [ 74.228373228000066, 30.715345302000117 ], [ 74.222008381000194, 30.70814659600012 ], [ 74.208184789000029, 30.688269043000105 ], [ 74.196839751000141, 30.671773719000043 ], [ 74.19070984300015, 30.664673163000145 ], [ 74.186149550000039, 30.659390767000048 ], [ 74.183235529000058, 30.659452976000182 ], [ 74.175996330000146, 30.653439877000096 ], [ 74.169586287000129, 30.648115500000188 ], [ 74.161758272000156, 30.641612235000082 ], [ 74.15093245900016, 30.632621063000101 ], [ 74.143945068000164, 30.629101309000191 ], [ 74.135941212000148, 30.628835885000058 ], [ 74.13491035800007, 30.628801700000167 ], [ 74.131209386000137, 30.628678969000021 ], [ 74.121398027000055, 30.620592656000042 ], [ 74.116287893000163, 30.616380993000178 ], [ 74.1042098960001, 30.612881025000149 ], [ 74.101182174000087, 30.608867175000057 ], [ 74.100349637000193, 30.607763480000131 ], [ 74.100922618000084, 30.599984026000186 ], [ 74.097251034000067, 30.584711206 ], [ 74.095962234000183, 30.579350138000166 ], [ 74.096136792000038, 30.576980639000169 ], [ 74.097107528000095, 30.563794354000038 ], [ 74.088930346000097, 30.561961619000044 ], [ 74.080308375000186, 30.560029195000027 ], [ 74.077493005000122, 30.556760437000094 ], [ 74.075652489000106, 30.554623523000032 ], [ 74.075813104000133, 30.550720580000132 ], [ 74.084397826999975, 30.545043269000132 ], [ 74.084617953000077, 30.542695848000164 ], [ 74.084807099000102, 30.540678786000058 ], [ 74.077613724000116, 30.529363216000149 ], [ 74.066514250000068, 30.520188961000031 ], [ 74.060221363000153, 30.521248575000129 ], [ 74.055702904000157, 30.522009405000176 ], [ 74.04767461300014, 30.528593784000066 ], [ 74.042298110000161, 30.535168220000116 ], [ 74.041716822000012, 30.535879025000042 ], [ 74.040238692000116, 30.537686126000096 ], [ 74.031974915000035, 30.535790433000159 ], [ 74.025613181000153, 30.525371989000064 ], [ 74.00302831900018, 30.512702141000148 ], [ 73.988516710000056, 30.504561295000144 ], [ 73.984484906000034, 30.501221355000041 ], [ 73.983651277000092, 30.500530777999984 ], [ 73.979470358000128, 30.495784464000053 ], [ 73.972731883000051, 30.48813472900008 ], [ 73.969967586000053, 30.482518232000189 ], [ 73.968819237000162, 30.48018501700011 ], [ 73.966530584000054, 30.463489968000147 ], [ 73.962676873000191, 30.457606265000152 ], [ 73.957205232000149, 30.457882268000162 ], [ 73.955277224000156, 30.457979522000016 ], [ 73.950491753000051, 30.46043596300018 ], [ 73.946914966000122, 30.462271972999986 ], [ 73.935288349000132, 30.46295627700016 ], [ 73.932285743000193, 30.458460484000057 ], [ 73.936630762999982, 30.442983772000048 ], [ 73.931611444000112, 30.43322343900013 ], [ 73.930344336000076, 30.424988874000121 ], [ 73.928937479000126, 30.422684220000178 ], [ 73.927855958000066, 30.420912518000137 ], [ 73.920164907000071, 30.42014308600011 ], [ 73.903420638000114, 30.416799950000041 ], [ 73.901200851000056, 30.412710694999987 ], [ 73.894301785000152, 30.403366800000072 ], [ 73.893523174000109, 30.402312272000188 ], [ 73.88940995300004, 30.398966585000039 ], [ 73.888603470000191, 30.3983106230001 ], [ 73.881787801000144, 30.392767017000097 ], [ 73.879751691000081, 30.391110923000042 ], [ 73.873213151000186, 30.383436242000187 ], [ 73.871500493000042, 30.377220014999978 ], [ 73.870888483000044, 30.374998678000168 ], [ 73.871255191000159, 30.36857146 ], [ 73.874407035000161, 30.362978657000099 ], [ 73.875305353000101, 30.361384633000171 ], [ 73.879761513000176, 30.359921074000169 ], [ 73.893303526000068, 30.35186658900011 ], [ 73.92113406500016, 30.33413035000018 ], [ 73.921443554000064, 30.333471695000128 ], [ 73.921890400000109, 30.332512905000158 ], [ 73.924266464000084, 30.329611736 ], [ 73.924786342000118, 30.328976966000084 ], [ 73.92694246200017, 30.326344348000021 ], [ 73.930888476000121, 30.321529856000154 ], [ 73.943663704000073, 30.305942926000114 ], [ 73.946234617000073, 30.300503166000112 ], [ 73.947929962000103, 30.296916009000086 ], [ 73.953172300000062, 30.285259171000121 ], [ 73.956672025000159, 30.27747719600012 ], [ 73.958399794000059, 30.27023417200013 ], [ 73.964530060000129, 30.244529113000056 ], [ 73.966622032000032, 30.224219036000136 ], [ 73.96686053000019, 30.221903555000097 ], [ 73.968956752999986, 30.201552213000014 ], [ 73.9666359900001, 30.195123906000106 ], [ 73.965256928000031, 30.191304026000068 ], [ 73.957626231000063, 30.185488527000189 ], [ 73.946577362000085, 30.177067975000114 ], [ 73.945602019000148, 30.176324648 ], [ 73.931906120000122, 30.167189683000117 ], [ 73.930841460000181, 30.166563068000016 ], [ 73.91342009400006, 30.156309579000151 ], [ 73.905869833000168, 30.149803782000163 ], [ 73.858519555000157, 30.11664261400017 ], [ 73.851357993000192, 30.111626831000024 ], [ 73.848538760000054, 30.108316069000182 ], [ 73.848090461000197, 30.107789609000122 ], [ 73.84708903, 30.107316933000106 ], [ 73.842491511000048, 30.105147227000032 ], [ 73.821494188000088, 30.087879196000074 ], [ 73.814444876000152, 30.07998514600007 ], [ 73.803908709000154, 30.069858245000148 ], [ 73.787950203000094, 30.063961304000145 ], [ 73.776808165000148, 30.061184798000056 ], [ 73.770407142000124, 30.058090697000125 ], [ 73.716582880000033, 30.045079102000102 ], [ 73.71156356, 30.044479927000168 ], [ 73.700904691000176, 30.041851757000131 ], [ 73.629165374000195, 30.024160190000146 ], [ 73.618020209000065, 30.022510172000068 ], [ 73.578215990000103, 30.010117397000045 ], [ 73.558295873000077, 30.002884731000108 ], [ 73.553443151000067, 30.001091422000115 ], [ 73.550490225000146, 30.00000017800005 ], [ 73.52761603700003, 29.991534299000136 ], [ 73.466942948, 29.969078812000134 ], [ 73.408285994999972, 29.947541249000039 ], [ 73.396521863000089, 29.939012008000191 ], [ 73.392578925000123, 29.925029869000127 ], [ 73.39027472600003, 29.916858899000147 ], [ 73.387765769000168, 29.910116475000052 ], [ 73.38479529500006, 29.902135699000155 ], [ 73.381362405000061, 29.892911539000067 ], [ 73.381004279000081, 29.890611791000026 ], [ 73.380150958000115, 29.88513208500018 ], [ 73.37909012300014, 29.884460878000141 ], [ 73.378022740000063, 29.883789671000102 ], [ 73.377821414999971, 29.880971113000157 ], [ 73.377646209000034, 29.878518239000016 ], [ 73.370040287000108, 29.853634464000038 ], [ 73.354581680000138, 29.802630152000177 ], [ 73.354110103000096, 29.801074224000047 ], [ 73.346649538000179, 29.776458743000035 ], [ 73.34269743100009, 29.762759116000097 ], [ 73.336028094000142, 29.744964396 ], [ 73.336125130000141, 29.740034993999984 ], [ 73.336158898000122, 29.73831103100008 ], [ 73.334515312000178, 29.736010011000133 ], [ 73.332917622000139, 29.733773245000179 ], [ 73.330674808000197, 29.726465272999974 ], [ 73.326150593000079, 29.712461346000111 ], [ 73.323668060999978, 29.704777098000079 ], [ 73.323212905000162, 29.703274276000059 ], [ 73.316992786000071, 29.682736861000137 ], [ 73.310181709000062, 29.660248236000086 ], [ 73.301471010000057, 29.633258790000184 ], [ 73.299283495000168, 29.626480941000125 ], [ 73.285864367000102, 29.584902783000189 ], [ 73.277912477000143, 29.564224569000089 ], [ 73.274810732000049, 29.556158747000097 ], [ 73.258233553000082, 29.526121411000076 ], [ 73.255044500999986, 29.523875323000027 ], [ 73.251724482000043, 29.515205291000143 ], [ 73.248357799000075, 29.509382265999989 ], [ 73.23844112900008, 29.49223036300009 ], [ 73.233870183000079, 29.487309707000065 ], [ 73.232551119000163, 29.485888533999969 ], [ 73.230330983000158, 29.47926788 ], [ 73.218342426000049, 29.458951957000124 ], [ 73.214356254000108, 29.452196952000179 ], [ 73.209716935000188, 29.444760121000058 ], [ 73.197333787000048, 29.424909927000101 ], [ 73.183510068000146, 29.401936101999979 ], [ 73.17597957800001, 29.389421079000044 ], [ 73.173134455000081, 29.385132533000103 ], [ 73.132010601000104, 29.318679124000028 ], [ 73.130881009000063, 29.314334286000019 ], [ 73.117624273000104, 29.292688760000033 ], [ 73.098273440000128, 29.261092828000187 ], [ 73.098151471000051, 29.260674695000148 ], [ 73.097022298000184, 29.256809505999968 ], [ 73.09660360800018, 29.255376108000064 ], [ 73.044339236000155, 29.198036311000124 ], [ 73.04401404400005, 29.197636399000089 ], [ 73.033660752000173, 29.185318457000164 ], [ 73.026121207000131, 29.177610934000029 ], [ 73.011095064000187, 29.162286027000107 ], [ 73.005738536000194, 29.156774147000078 ], [ 73.00093203800003, 29.150864249999984 ], [ 73.000337716000104, 29.148553192000122 ], [ 72.999815543000125, 29.146522686000139 ], [ 72.996516498000119, 29.139909833000047 ], [ 72.965223820000176, 29.077205000000106 ], [ 72.963795637000032, 29.072923858000081 ], [ 72.962480056000174, 29.068980257000192 ], [ 72.94441967400013, 29.034097133000159 ], [ 72.936217850000048, 29.02754549600013 ], [ 72.918615853000176, 29.020650071000091 ], [ 72.914955319000171, 29.020237524000152 ], [ 72.885932579000098, 29.009133797000061 ], [ 72.871369421000054, 29.00356212000014 ], [ 72.847222336000073, 28.99490518600004 ], [ 72.781090428000198, 28.969746379000014 ], [ 72.773704298000098, 28.966737433000105 ], [ 72.7564162, 28.959694643000034 ], [ 72.745854292000104, 28.955839923000156 ], [ 72.730193284000109, 28.950124212000162 ], [ 72.723421201000178, 28.945219383000165 ], [ 72.721762268000134, 28.944017864000102 ], [ 72.706779616000176, 28.935691622000093 ], [ 72.704719414000067, 28.934874394000133 ], [ 72.698905210000191, 28.932568053000182 ], [ 72.6860344050001, 28.925819966000063 ], [ 72.682291651000071, 28.923051673000089 ], [ 72.676552377000178, 28.918806671000027 ], [ 72.643793229000039, 28.900353885000186 ], [ 72.622954297000149, 28.888615596000193 ], [ 72.619781352000075, 28.88521029900005 ], [ 72.619288816000164, 28.885246112000118 ], [ 72.616133914000045, 28.88547550800007 ], [ 72.611916769000118, 28.8816185230001 ], [ 72.600449617000038, 28.876003692000097 ], [ 72.58804471500008, 28.869929696000099 ], [ 72.576994354000135, 28.862235371000168 ], [ 72.558622925000179, 28.852321151000183 ], [ 72.554169529000148, 28.85111246800011 ], [ 72.552084386000161, 28.8505465450001 ], [ 72.543394709000154, 28.843290960000104 ], [ 72.535729391000075, 28.839466025000036 ], [ 72.535271466000154, 28.839237524000055 ], [ 72.521614275000161, 28.831441383000083 ], [ 72.506409560000066, 28.822761845000116 ], [ 72.499043408000034, 28.819001858000149 ], [ 72.490002940000068, 28.81438702100013 ], [ 72.472855753000147, 28.80563460400009 ], [ 72.440884737000033, 28.795365288000028 ], [ 72.417954286000167, 28.787999865000188 ], [ 72.416465167000126, 28.787594556000158 ], [ 72.411422295000136, 28.786221985000168 ], [ 72.396830451000028, 28.775139334000073 ], [ 72.39618753000002, 28.77465102900004 ], [ 72.342860127000108, 28.717920254000092 ], [ 72.329819881000105, 28.703837042000089 ], [ 72.301956601000029, 28.664815352000176 ], [ 72.293442444000164, 28.641008251000073 ], [ 72.28550711500003, 28.61881965800012 ], [ 72.279616864000047, 28.601420660000088 ], [ 72.253416867000169, 28.527031267000041 ], [ 72.251748559000191, 28.520341878000181 ], [ 72.249360157000069, 28.510765136000032 ], [ 72.244376964000139, 28.505755750000162 ], [ 72.243247261000192, 28.496355465000192 ], [ 72.239138449000052, 28.484527559000128 ], [ 72.235772306000172, 28.47483754700005 ], [ 72.228504835000081, 28.454634617000181 ], [ 72.208845441000051, 28.399983221000184 ], [ 72.195052273000101, 28.376271474000134 ], [ 72.184426599000062, 28.358004946000108 ], [ 72.156683504000057, 28.337295351000137 ], [ 72.151429365000126, 28.333373112000061 ], [ 72.150620680000088, 28.329706200000089 ], [ 72.140670444000136, 28.318757338000125 ], [ 72.124207862000105, 28.30394821800013 ], [ 72.100707406000083, 28.286574041000108 ], [ 72.088211515000125, 28.277335674000142 ], [ 72.059022191999986, 28.257323880000115 ], [ 72.020796024000163, 28.228735853000046 ], [ 72.01914266700004, 28.227499365000028 ], [ 72.017735204000189, 28.226256746000161 ], [ 71.992025899999987, 28.203558553000164 ], [ 71.979078761000153, 28.188201430000049 ], [ 71.969299809000177, 28.176602221 ], [ 71.922272747000079, 28.113967138000191 ], [ 71.921953314, 28.107142882000062 ], [ 71.921660476000113, 28.100886785000171 ], [ 71.916331186000093, 28.071281426000098 ], [ 71.910927710000124, 28.04126394900004 ], [ 71.905676128000096, 28.005620422999982 ], [ 71.899572850000141, 27.964196276000109 ], [ 71.898749327000075, 27.96367457600013 ], [ 71.890228338000043, 27.958276557000147 ], [ 71.885802432000105, 27.957006084999989 ], [ 71.879293201000053, 27.955137587000138 ], [ 71.868225841000196, 27.951960661000157 ], [ 71.833273959000167, 27.941571685000156 ], [ 71.748878669000135, 27.911180737000052 ], [ 71.748160892000158, 27.910940686000174 ], [ 71.745912261000171, 27.910188660000131 ], [ 71.734326656, 27.906325578000065 ], [ 71.725075373000095, 27.903240848000053 ], [ 71.696350983000173, 27.891872891000162 ], [ 71.674882178000132, 27.885524254000075 ], [ 71.635045460000072, 27.881660663000048 ], [ 71.585487214000125, 27.876854223000066 ], [ 71.511359756, 27.873606236000171 ], [ 71.461055254000144, 27.871315911000124 ], [ 71.419669590000183, 27.869431655000028 ], [ 71.389299583000081, 27.867916709000099 ], [ 71.352522686000157, 27.866082168000048 ], [ 71.343230560000109, 27.864946027000144 ], [ 71.271570953000037, 27.8528922160001 ], [ 71.249487484000099, 27.849177571000155 ], [ 71.244065440000156, 27.849410038000144 ], [ 71.23392986500005, 27.84647867800004 ], [ 71.221083963000183, 27.842763450000177 ], [ 71.168687245000058, 27.820954131000178 ], [ 71.154883569000106, 27.814846339000155 ], [ 71.105800576000149, 27.793128533000186 ], [ 71.099454784000045, 27.790320445000191 ], [ 71.086639542000171, 27.784650012000043 ], [ 71.047282691000078, 27.768242963000148 ], [ 71.015992539000194, 27.755198753000172 ], [ 70.972242138000013, 27.737207598000055 ], [ 70.932494374000044, 27.720862417000092 ], [ 70.905769354000029, 27.710732324000105 ], [ 70.885346168000012, 27.705843749000167 ], [ 70.865494808000108, 27.705110332000174 ], [ 70.846144442000082, 27.708967309000172 ], [ 70.844126942000116, 27.70912810700014 ], [ 70.818290941000043, 27.711187212000084 ], [ 70.81532876000017, 27.711508736000042 ], [ 70.803841980000129, 27.71275554500005 ], [ 70.767210442000192, 27.71494597200001 ], [ 70.762329557000044, 27.716102985000077 ], [ 70.757666205000191, 27.717208431000074 ], [ 70.754911194000044, 27.721361938000086 ], [ 70.751435438000044, 27.726602056000047 ], [ 70.737952711000105, 27.74216710900015 ], [ 70.725752762000127, 27.760257363 ], [ 70.722865314000103, 27.766297851000104 ], [ 70.721588004000125, 27.76896995900006 ], [ 70.718878841000048, 27.771909269000048 ], [ 70.714843191000114, 27.776287753000133 ], [ 70.714316048000114, 27.779499725000164 ], [ 70.705213825000044, 27.793932315000063 ], [ 70.70385566900012, 27.798091669000144 ], [ 70.703118349000079, 27.800349710000035 ], [ 70.700999487000047, 27.803494281000042 ], [ 70.69818088400018, 27.807677327000135 ], [ 70.689353692000054, 27.819353056000125 ], [ 70.687141283000074, 27.823337510999977 ], [ 70.678414653000118, 27.83905380300007 ], [ 70.676998971000046, 27.845444550000138 ], [ 70.675772388999974, 27.850981645000047 ], [ 70.674519176000103, 27.85903501100006 ], [ 70.672845271000085, 27.869791815000156 ], [ 70.672105307000152, 27.914317402000108 ], [ 70.661374956000031, 27.929541318000133 ], [ 70.660698060000186, 27.930501679000145 ], [ 70.646427918000029, 27.94407473300015 ], [ 70.628257474000122, 27.96135756100017 ], [ 70.598763652000116, 27.988343361000091 ], [ 70.567507345000081, 28.015555267000082 ], [ 70.562629790000187, 28.019801692000158 ], [ 70.55250625400015, 28.023778649000178 ], [ 70.530333268000163, 28.032489144000124 ], [ 70.521665322000047, 28.033780821000107 ], [ 70.509833621000155, 28.035543954000104 ], [ 70.489739908000161, 28.034364867000136 ], [ 70.479089061000082, 28.033739881000145 ], [ 70.459715732000177, 28.029503091000038 ], [ 70.447949734000133, 28.026082840000129 ], [ 70.432356676000097, 28.021550105000131 ], [ 70.421198004000189, 28.019547818000149 ], [ 70.40859921800012, 28.017287121000038 ], [ 70.366165832000149, 28.008250382000085 ], [ 70.336462462000043, 27.98311449400012 ], [ 70.333789852000109, 27.978627452000069 ], [ 70.332893605000095, 27.977122743000052 ], [ 70.323232496000173, 27.9663936 ], [ 70.321875986, 27.9648871280001 ], [ 70.302908655000181, 27.9461719090001 ], [ 70.301957445000141, 27.945477522000147 ], [ 70.281335076000119, 27.930423099 ], [ 70.207597246000091, 27.885383465000018 ], [ 70.207169228000055, 27.884898858000156 ], [ 70.190919435000126, 27.86650061500012 ], [ 70.181272830000182, 27.855578595000111 ], [ 70.180508125000074, 27.854901706000135 ], [ 70.141311646000133, 27.874526978000176 ], [ 70.123573303000171, 27.882009506000031 ], [ 70.118545532000098, 27.882341385000018 ], [ 70.104911804000039, 27.885114670000064 ], [ 70.097396851000042, 27.886940002000131 ], [ 70.090522766000163, 27.888391495000064 ], [ 70.08596038800016, 27.889938354000037 ], [ 70.076164246000133, 27.894393921000187 ], [ 70.069160461000195, 27.895391464000056 ], [ 70.066436768000187, 27.897472382000103 ], [ 70.047843933000195, 27.913116455000136 ], [ 70.04332733200016, 27.919843674000163 ], [ 70.040588379000098, 27.922460556000146 ], [ 70.035148621000133, 27.927133560000073 ], [ 70.026107788000047, 27.930120468000098 ], [ 70.019386292000092, 27.931766510000045 ], [ 70.000823975000174, 27.937433243000044 ], [ 69.99427795400004, 27.942466736000085 ], [ 69.991661072000056, 27.944425583000054 ], [ 69.987808228000119, 27.949056625000082 ], [ 69.982086182000103, 27.957351685 ], [ 69.981178628000123, 27.958469584000056 ], [ 69.977874756000176, 27.962543488000165 ], [ 69.973907471000075, 27.96691703800019 ], [ 69.97228241, 27.971035003999987 ], [ 69.97015380900018, 27.977434158000108 ], [ 69.967864990000066, 27.980718612000089 ], [ 69.963790894000169, 27.984859467000149 ], [ 69.96290954900013, 27.985753775000092 ], [ 69.958488465000073, 27.990240097000026 ], [ 69.952316284000176, 27.996732712000153 ], [ 69.947395325000059, 28.002712250000172 ], [ 69.94528961200001, 28.004808426000068 ], [ 69.938819885000044, 28.010307312000123 ], [ 69.930458069000053, 28.01817703200004 ], [ 69.922729491999974, 28.025442123000118 ], [ 69.917486163000035, 28.032177827 ], [ 69.916099548000147, 28.033958435000102 ], [ 69.913578955000048, 28.037039117000063 ], [ 69.907066345000146, 28.044994354000039 ], [ 69.898101807000046, 28.055944443000044 ], [ 69.883552551000037, 28.075674057000185 ], [ 69.878792793000059, 28.080198507000091 ], [ 69.87673187300004, 28.08412742600018 ], [ 69.874984741000105, 28.090345383000113 ], [ 69.873222351000095, 28.094032288000108 ], [ 69.871696472000053, 28.096067429000186 ], [ 69.869415937000099, 28.099393500000133 ], [ 69.865158081000061, 28.104574203000084 ], [ 69.847450256000172, 28.131576538000047 ], [ 69.845115662000069, 28.133245468000098 ], [ 69.844642639000085, 28.134313583000107 ], [ 69.844642639000085, 28.135782242 ], [ 69.845687866000162, 28.139894485000184 ], [ 69.84648904200003, 28.143729985000107 ], [ 69.847717285000158, 28.14955902100013 ], [ 69.847671509000065, 28.152608871000041 ], [ 69.846839905000195, 28.155653000000143 ], [ 69.845939636000026, 28.158050537000179 ], [ 69.842941284000119, 28.16378212 ], [ 69.842689514000085, 28.165502548000063 ], [ 69.843864441000051, 28.16980743400012 ], [ 69.843421936000084, 28.170099258000107 ], [ 69.841674805000025, 28.170227051000097 ], [ 69.841293335000103, 28.170022964000168 ], [ 69.839164734000121, 28.166473389000032 ], [ 69.838615417000028, 28.166244507000101 ], [ 69.838195801000154, 28.166318894000142 ], [ 69.837654113999974, 28.166650772000082 ], [ 69.837600708000195, 28.167535782000073 ], [ 69.837699890000067, 28.169696808000026 ], [ 69.838737488000106, 28.173004150000111 ], [ 69.842361450000112, 28.179944992000117 ], [ 69.846916199000134, 28.182216644000107 ], [ 69.847496033000141, 28.183786392000172 ], [ 69.850097656000173, 28.186182022000139 ], [ 69.853584289000082, 28.191205978000141 ], [ 69.857078552000132, 28.194704056000035 ], [ 69.857635497999979, 28.197050095000066 ], [ 69.85687255900001, 28.197937012000182 ], [ 69.855293274000189, 28.200391769000191 ], [ 69.852317810000045, 28.203557968000041 ], [ 69.851646423000147, 28.206245422000165 ], [ 69.85158538800016, 28.206848145000038 ], [ 69.845962524000186, 28.212482452000188 ], [ 69.845062256000119, 28.213443756000174 ], [ 69.844367981000119, 28.215141296000127 ], [ 69.843643188000101, 28.219240189000061 ], [ 69.843643188000101, 28.220937729000184 ], [ 69.842689514000085, 28.222116470000117 ], [ 69.842430115000184, 28.224187851000124 ], [ 69.842514038000104, 28.226234436000084 ], [ 69.842086792000089, 28.227315903000147 ], [ 69.837669372, 28.230602264000026 ], [ 69.836143494000055, 28.232116699000187 ], [ 69.834823608000079, 28.234161377000078 ], [ 69.833267212000123, 28.236566544000027 ], [ 69.832744830000024, 28.237551838 ], [ 69.832206604000078, 28.239607290000095 ], [ 69.831649780000021, 28.241128921000154 ], [ 69.831878662000122, 28.242937088000076 ], [ 69.832481384000118, 28.245098114000029 ], [ 69.832687378000116, 28.246131897 ], [ 69.832397460999971, 28.247581482000157 ], [ 69.833061218000125, 28.249610901000096 ], [ 69.83634948700012, 28.252889633000109 ], [ 69.836517334000064, 28.253664017000062 ], [ 69.836151123000093, 28.254684448000035 ], [ 69.834732056000178, 28.256534575999979 ], [ 69.831359863000102, 28.25927925100018 ], [ 69.831146240000123, 28.260002136000026 ], [ 69.831459045000145, 28.260782242000118 ], [ 69.832336425999983, 28.26200294500012 ], [ 69.834617615000184, 28.264863968000157 ], [ 69.836425781000059, 28.267351151000128 ], [ 69.836715698000148, 28.268774033000113 ], [ 69.836402893000127, 28.269365311000172 ], [ 69.835380554000153, 28.26959800700007 ], [ 69.83436584500015, 28.269571304000067 ], [ 69.832115173000091, 28.268915176000121 ], [ 69.829414368000187, 28.268720627000107 ], [ 69.825965881000059, 28.269147873000122 ], [ 69.822311400999979, 28.270084381000174 ], [ 69.820114136000029, 28.27109527600004 ], [ 69.818283081000118, 28.272462845000121 ], [ 69.816261292000092, 28.275156021000043 ], [ 69.815475464000087, 28.277183533000084 ], [ 69.815312319000157, 28.278250207000042 ], [ 69.814888000000167, 28.280424118000099 ], [ 69.814537048000034, 28.283786774000134 ], [ 69.813560486000085, 28.28723335300009 ], [ 69.812232971000128, 28.295413971000187 ], [ 69.811958313000105, 28.296014786000057 ], [ 69.811149597000167, 28.297798157000102 ], [ 69.810188293000067, 28.30251503 ], [ 69.810485840000069, 28.30582618700015 ], [ 69.811119080000026, 28.306865692000088 ], [ 69.812767029000042, 28.308559418000073 ], [ 69.812736511000196, 28.30956459000015 ], [ 69.81238555900012, 28.311603546000072 ], [ 69.812713623000093, 28.312795639000058 ], [ 69.814926148000097, 28.315784454000152 ], [ 69.815559387000178, 28.317380905000164 ], [ 69.817970276000096, 28.320816040000068 ], [ 69.817581177000136, 28.32138061500018 ], [ 69.815879822000113, 28.322595596000042 ], [ 69.814994812000123, 28.323881149000101 ], [ 69.814971924000133, 28.324562073000152 ], [ 69.816243475000135, 28.326175946000035 ], [ 69.81712232100017, 28.327572663000183 ], [ 69.81868743900003, 28.330175399999973 ], [ 69.819786072000056, 28.332572937 ], [ 69.820762634, 28.337478638000107 ], [ 69.820693970000036, 28.339593887000092 ], [ 69.8196792600001, 28.342252731000144 ], [ 69.816642761000139, 28.345790863000161 ], [ 69.816024780000077, 28.347391129000073 ], [ 69.815650940000012, 28.349035263000189 ], [ 69.815727234000121, 28.350355148000062 ], [ 69.816490173000091, 28.35436058 ], [ 69.816490173000091, 28.355543137000097 ], [ 69.815933228000119, 28.358066559000122 ], [ 69.815071106000175, 28.359445572000084 ], [ 69.812942505000194, 28.361927032999972 ], [ 69.811904907000155, 28.362365723000039 ], [ 69.809555213000067, 28.362601316999985 ], [ 69.805267334000121, 28.361965179000151 ], [ 69.801307678000057, 28.362726211000052 ], [ 69.799072266000167, 28.363723755000137 ], [ 69.796836853000059, 28.365659714000174 ], [ 69.796440125000117, 28.366828919000056 ], [ 69.795974732000047, 28.371234894000168 ], [ 69.795341492000034, 28.37179374700014 ], [ 69.794204712000123, 28.371871948000091 ], [ 69.793724060000159, 28.371644974000162 ], [ 69.79351043700018, 28.370883942000091 ], [ 69.793258667000089, 28.36808204600004 ], [ 69.792472839000084, 28.367841721000161 ], [ 69.791900635, 28.367898941000078 ], [ 69.791267395000034, 28.368743896000126 ], [ 69.790313721000189, 28.370517731000064 ], [ 69.789947510000161, 28.371837616000107 ], [ 69.789924622000058, 28.372797012000092 ], [ 69.790283203000115, 28.374279022000167 ], [ 69.791450500000167, 28.375745773000119 ], [ 69.793380737000064, 28.377614975000029 ], [ 69.794303894000166, 28.379882813000108 ], [ 69.792640686000027, 28.380434036000111 ], [ 69.78699493400012, 28.380758286000116 ], [ 69.784904480000137, 28.380058288000157 ], [ 69.784172058000138, 28.380039215000068 ], [ 69.780036926000093, 28.381227493000154 ], [ 69.770988464000197, 28.383041382000044 ], [ 69.767929077000076, 28.38407135000017 ], [ 69.76438140900018, 28.384519577000049 ], [ 69.762840271000186, 28.384481430000164 ], [ 69.76190185500019, 28.384708405000026 ], [ 69.761039734000178, 28.386339188000079 ], [ 69.759269714000084, 28.390907287000118 ], [ 69.75704631200017, 28.393749705000118 ], [ 69.75423431400003, 28.39734458900017 ], [ 69.752601624000135, 28.400348663000045 ], [ 69.751922608000086, 28.401084900000114 ], [ 69.751495361000138, 28.401935577000074 ], [ 69.751388810000151, 28.402932465000106 ], [ 69.749675089000164, 28.404224848000013 ], [ 69.748512268000127, 28.405101776000095 ], [ 69.742027283000141, 28.41030311600008 ], [ 69.735023499000079, 28.416334152000104 ], [ 69.73217010500008, 28.419073105000166 ], [ 69.730941356000073, 28.419678316000045 ], [ 69.726074219000168, 28.421646118000126 ], [ 69.716072083000029, 28.424291611000115 ], [ 69.711441040000125, 28.425394058000109 ], [ 69.700454712000067, 28.426748276000069 ], [ 69.694602966000105, 28.42828941300013 ], [ 69.687095642000145, 28.429906845000176 ], [ 69.686104714000066, 28.429950265000059 ], [ 69.681480408000027, 28.430152893000127 ], [ 69.67536926300005, 28.429536819000134 ], [ 69.674930314000051, 28.429448755000124 ], [ 69.668029785000101, 28.428064346000042 ], [ 69.659212721000131, 28.427769547000082 ], [ 69.65679168700018, 28.427688599000135 ], [ 69.64702606200018, 28.428382874000135 ], [ 69.638969421000127, 28.429718018000131 ], [ 69.627014160000101, 28.432147980000082 ], [ 69.619697571000188, 28.4345550540001 ], [ 69.613113403000057, 28.436527252000019 ], [ 69.606773376000149, 28.439146042000175 ], [ 69.605946195000172, 28.43954359300011 ], [ 69.604827881000176, 28.440448761000084 ], [ 69.604835510000044, 28.441959381000174 ], [ 69.605583191000164, 28.44411277800009 ], [ 69.61000824000007, 28.448839188000193 ], [ 69.61541748000019, 28.454423904000066 ], [ 69.620582581000065, 28.459579468000129 ], [ 69.625, 28.46301078800019 ], [ 69.625991821000184, 28.464946747000056 ], [ 69.625999451000098, 28.466241837000098 ], [ 69.624542236000025, 28.467544556000121 ], [ 69.615020752000021, 28.469530106000093 ], [ 69.595726013000103, 28.472854614000028 ], [ 69.578636169000049, 28.47551727300015 ], [ 69.568312788000071, 28.476288181000143 ], [ 69.564712524000072, 28.47665596000013 ], [ 69.538375854000037, 28.481590271000073 ], [ 69.521278381000116, 28.484462738000161 ], [ 69.51199340800008, 28.484928131000061 ], [ 69.504417419000049, 28.484956741000076 ], [ 69.484855652000192, 28.484165192000091 ], [ 69.475563049000016, 28.483764648000147 ], [ 69.469451904000039, 28.482707977000189 ], [ 69.462844849000021, 28.480571747 ], [ 69.456835843000079, 28.479278302000182 ], [ 69.44670105, 28.477821350000113 ], [ 69.437156677000189, 28.475261688000046 ], [ 69.433479309, 28.473762512000178 ], [ 69.43103027300009, 28.47247505200005 ], [ 69.42882537800017, 28.4701099400001 ], [ 69.427101135000044, 28.466661453000143 ], [ 69.424880981, 28.461490631000061 ], [ 69.421188354000094, 28.455028534000178 ], [ 69.41848754900019, 28.451368332000186 ], [ 69.418163886000173, 28.451013185000193 ], [ 69.416526794000049, 28.449216843000045 ], [ 69.413589478000063, 28.44814682000009 ], [ 69.404335665000076, 28.447328293000112 ], [ 69.394058228000119, 28.446418762000121 ], [ 69.377685547, 28.445600510000077 ], [ 69.363761902000192, 28.44563674900013 ], [ 69.353248596000014, 28.466457367000146 ], [ 69.347969055000078, 28.48384857200017 ], [ 69.344627380000077, 28.493551254000067 ], [ 69.340385437000066, 28.501216888000158 ], [ 69.338409424000076, 28.512151718000041 ], [ 69.332748413000161, 28.523046494000141 ], [ 69.327560425000115, 28.5331363680001 ], [ 69.321319580000193, 28.543546677000165 ], [ 69.321937561000084, 28.549612045 ], [ 69.324691772000165, 28.554906845000062 ], [ 69.332794189000083, 28.55836868300014 ], [ 69.34404754600007, 28.564065933000109 ], [ 69.357757568000068, 28.571100235000188 ], [ 69.372428894000052, 28.57530403100003 ], [ 69.386596680000082, 28.582746506000035 ], [ 69.398048401000153, 28.586509705000083 ], [ 69.411346436000088, 28.590288162000036 ], [ 69.420921326000041, 28.597682953000174 ], [ 69.429496765000181, 28.611558914000113 ], [ 69.439414978000059, 28.628692627000135 ], [ 69.451179504000038, 28.645843506000176 ], [ 69.46247863800005, 28.664205551000066 ], [ 69.469276428000057, 28.673599243000126 ], [ 69.48439850900013, 28.701897549000137 ], [ 69.487113953000062, 28.706146240000066 ], [ 69.495735168000124, 28.7179889680001 ], [ 69.503906250000114, 28.728610992000029 ], [ 69.513877869000112, 28.743713378999985 ], [ 69.524307251000096, 28.758817673000067 ], [ 69.532913208000139, 28.773094177000019 ], [ 69.535552979000101, 28.78447914100019 ], [ 69.537757874000022, 28.793424606000087 ], [ 69.53767395, 28.801134109000145 ], [ 69.535301208000192, 28.807607651000183 ], [ 69.531982422, 28.815288544000055 ], [ 69.52541351300016, 28.82572937000009 ], [ 69.521667480000076, 28.830568314000061 ], [ 69.517951965000066, 28.832969666000167 ], [ 69.511917113999971, 28.83657074000007 ], [ 69.504051208000192, 28.838125229000127 ], [ 69.49620056200007, 28.839273453000089 ], [ 69.490653992000148, 28.840036392000115 ], [ 69.486480713000105, 28.841621399000076 ], [ 69.484603882000158, 28.84444618200007 ], [ 69.483177185000159, 28.848491669000055 ], [ 69.483139038000104, 28.851737976000152 ], [ 69.483078003000116, 28.856607437000093 ], [ 69.487609863000102, 28.863952637000182 ], [ 69.488006592000147, 28.869638443000042 ], [ 69.488784790000011, 28.882225037000183 ], [ 69.488731384000062, 28.886690140000042 ], [ 69.489601135000157, 28.891567230000135 ], [ 69.492774963000045, 28.896465302000081 ], [ 69.500083923000147, 28.903022766000106 ], [ 69.507415771000126, 28.907958984000174 ], [ 69.514305115000127, 28.911264420000123 ], [ 69.523025513000107, 28.91580390900009 ], [ 69.529907227000194, 28.919921875000114 ], [ 69.535873413000161, 28.923625946000072 ], [ 69.541816711000024, 28.928546906000122 ], [ 69.545898437000062, 28.935480118000157 ], [ 69.549522400000171, 28.942409515000179 ], [ 69.552215576000094, 28.949333191000164 ], [ 69.555419922000169, 28.951795578000088 ], [ 69.559112549000076, 28.952636719000111 ], [ 69.565574646000186, 28.952690125000117 ], [ 69.574340820000032, 28.953979492000144 ], [ 69.58119964600013, 28.960124969000105 ], [ 69.586357117000091, 28.970634460000042 ], [ 69.588584900000114, 28.978364944000191 ], [ 69.590820312000176, 28.9860935210001 ], [ 69.593963623000093, 28.994235992000142 ], [ 69.598526001000153, 29.000360489000172 ], [ 69.604934692000029, 29.006500244000051 ], [ 69.608901391000074, 29.011509097000157 ], [ 69.613571167000089, 29.02036857600018 ], [ 69.617683410999973, 29.025270462000037 ], [ 69.623626709000064, 29.031406403000119 ], [ 69.628219604000037, 29.035095215000126 ], [ 69.63415527300009, 29.042446136000081 ], [ 69.639167786000087, 29.049791336000112 ], [ 69.642807007000044, 29.05590629600016 ], [ 69.646911621000186, 29.061214447000168 ], [ 69.650573730000076, 29.065708160000099 ], [ 69.656089783000198, 29.068996429000094 ], [ 69.664840698000148, 29.072715759000175 ], [ 69.67498016400009, 29.076036453000143 ], [ 69.68560028100012, 29.078550339000117 ], [ 69.693420410000158, 29.082666397000139 ], [ 69.702178955000136, 29.086381911999979 ], [ 69.706306457999972, 29.08965873700015 ], [ 69.708122253000056, 29.093324661000054 ], [ 69.709922791000167, 29.099020004000124 ], [ 69.710914612000067, 29.107105255000192 ], [ 69.712684631000059, 29.115642548000039 ], [ 69.716796875000114, 29.121759415000156 ], [ 69.724113464000197, 29.131147385000133 ], [ 69.730033875000061, 29.142147064000142 ], [ 69.734596252000188, 29.149890900000116 ], [ 69.739616394000052, 29.157232285000134 ], [ 69.745094299000073, 29.166200638000078 ], [ 69.750122070000145, 29.173946381000178 ], [ 69.751914978000116, 29.180454254000097 ], [ 69.75233459500015, 29.185733795000033 ], [ 69.750450134000062, 29.188968658000078 ], [ 69.748115540000185, 29.191793442000062 ], [ 69.746223450000116, 29.195840836000116 ], [ 69.743385315000069, 29.203128815000127 ], [ 69.742385864000028, 29.211240768000096 ], [ 69.743652344000054, 29.224645615000156 ], [ 69.744018555000025, 29.236421585000187 ], [ 69.74718475300017, 29.24456214900016 ], [ 69.751754761000143, 29.252305984000031 ], [ 69.760765075999984, 29.268516541000054 ], [ 69.767173767000088, 29.277490615999966 ], [ 69.768974304000153, 29.284404754999969 ], [ 69.768432616999974, 29.293331146000071 ], [ 69.766540527000132, 29.297784805000049 ], [ 69.763748169000166, 29.298578262000035 ], [ 69.758178711000141, 29.299354553000057 ], [ 69.752166748000036, 29.298095703000172 ], [ 69.745697021000183, 29.295209885000133 ], [ 69.736473083000135, 29.290275574000191 ], [ 69.728652954000097, 29.283321381000064 ], [ 69.720832825000116, 29.276771545000088 ], [ 69.712547302000132, 29.270624161 ], [ 69.704719543000067, 29.265291214000115 ], [ 69.701042175000055, 29.261611938000158 ], [ 69.698745728000063, 29.259565353000028 ], [ 69.695053101000155, 29.257915497000113 ], [ 69.690422058000195, 29.257474899000044 ], [ 69.686706543000184, 29.25866699200003 ], [ 69.684364319, 29.2610855100001 ], [ 69.682472229000155, 29.265130997000085 ], [ 69.682411194000167, 29.271221161000028 ], [ 69.682785034000176, 29.280965805000051 ], [ 69.682228088000102, 29.291110992000029 ], [ 69.677070618000073, 29.29716301000019 ], [ 69.671424866000109, 29.305242538000073 ], [ 69.667236328000115, 29.307241440000098 ], [ 69.662117004000038, 29.308826447000058 ], [ 69.653312683000138, 29.308761597000171 ], [ 69.644035339000084, 29.30869102500003 ], [ 69.640304565000122, 29.311098099000048 ], [ 69.639808655000138, 29.314342499000077 ], [ 69.63883209200003, 29.319206238000106 ], [ 69.642021179000039, 29.325321198000154 ], [ 69.645683288999976, 29.329814911000085 ], [ 69.651191711000138, 29.335540771000069 ], [ 69.660400391000167, 29.342916489000174 ], [ 69.66636657700019, 29.349456787000065 ], [ 69.66909027100013, 29.355567932000042 ], [ 69.66763305700016, 29.362459183000112 ], [ 69.659745097000155, 29.37887153000014 ], [ 69.655822754000042, 29.383888245000037 ], [ 69.652526855000133, 29.389142990000039 ], [ 69.641166687, 29.402383804000124 ], [ 69.627578735000043, 29.414867401000151 ], [ 69.61963653600003, 29.420490265000126 ], [ 69.614959717000033, 29.423295975000144 ], [ 69.609848022000165, 29.424066544000027 ], [ 69.605667114000084, 29.424034119000112 ], [ 69.600593567000146, 29.421152115000041 ], [ 69.595535278000057, 29.416238785000075 ], [ 69.589088440000069, 29.411315918000184 ], [ 69.58403015100015, 29.407215118000181 ], [ 69.576629639000146, 29.404312134000122 ], [ 69.571533203000172, 29.403865814000142 ], [ 69.56687164300007, 29.405857086000083 ], [ 69.564514160000158, 29.409086227000159 ], [ 69.562599182000156, 29.414754868000159 ], [ 69.562492371000133, 29.42449760400018 ], [ 69.562835693000125, 29.435869217 ], [ 69.563133240000127, 29.450895309000032 ], [ 69.563514709000174, 29.458612442 ], [ 69.565750122000111, 29.467157364000059 ], [ 69.569520979000117, 29.475527938000027 ], [ 69.574394226000152, 29.483877182000185 ], [ 69.579910278000057, 29.489200592000145 ], [ 69.586341858000196, 29.496154785000044 ], [ 69.591835022000112, 29.503913879000095 ], [ 69.594551086000138, 29.51083755500008 ], [ 69.598052979000045, 29.531063080000138 ], [ 69.597839355000133, 29.55176925700016 ], [ 69.597709656000177, 29.564357758000142 ], [ 69.59894561800013, 29.579391479000151 ], [ 69.603332519999981, 29.596775054999966 ], [ 69.600059509000175, 29.608680725000056 ], [ 69.592597961000081, 29.618715286000167 ], [ 69.591468811000084, 29.626049042000147 ], [ 69.596626282000045, 29.635267258000113 ], [ 69.602920532000041, 29.63715362500011 ], [ 69.611312866000048, 29.639055252000162 ], [ 69.618659973000149, 29.640029907000098 ], [ 69.625862122000171, 29.655687332000184 ], [ 69.628898751000179, 29.668724684000097 ], [ 69.635147095000036, 29.674114227000075 ], [ 69.640342712000177, 29.68057823200013 ], [ 69.64600486400002, 29.685261106000041 ], [ 69.654960632000154, 29.691701889000115 ], [ 69.666481018000127, 29.697294235000072 ], [ 69.676979065000182, 29.700122833000023 ], [ 69.690620422000109, 29.703893661000052 ], [ 69.696876526000096, 29.710363388000076 ], [ 69.704223633000026, 29.712249756000176 ], [ 69.722099303999983, 29.714210510000044 ], [ 69.732582092000143, 29.718872070000089 ], [ 69.739875793000124, 29.727182388000074 ], [ 69.74611663800016, 29.73548317000018 ], [ 69.753395081000122, 29.745628357000157 ], [ 69.760711670000035, 29.752101898000092 ], [ 69.76908874500009, 29.757663727000136 ], [ 69.775360107000154, 29.762292862000095 ], [ 69.782714844000168, 29.764177322000023 ], [ 69.789001465000126, 29.768806458000086 ], [ 69.794189453000058, 29.77801704400008 ], [ 69.802490234000174, 29.792755127000135 ], [ 69.811828613000046, 29.81025123600017 ], [ 69.813873291000107, 29.817605972000081 ], [ 69.835800171000187, 29.861467361000052 ], [ 69.855957031000116, 29.876155853000171 ], [ 69.877682628000116, 29.89878983300008 ], [ 69.892509460000156, 29.91480636600005 ], [ 69.911018372000171, 29.962451935000104 ], [ 69.918655396000077, 29.988624573000038 ], [ 69.922470093000129, 30.001712799000131 ], [ 69.939140320000149, 30.032751083000164 ], [ 69.940696716000161, 30.035957336000138 ], [ 69.943168640000067, 30.038890839000146 ], [ 69.946571350000056, 30.042890549000106 ], [ 69.956138610999972, 30.048475266000082 ], [ 69.962310791000164, 30.053001404000099 ], [ 69.966331482000044, 30.057268143000101 ], [ 69.969429016000163, 30.061000824000132 ], [ 69.972527370000194, 30.066339820999985 ], [ 69.976554871000133, 30.071140289000027 ], [ 69.979660034000062, 30.076745987000038 ], [ 69.98184204100005, 30.082889557000101 ], [ 69.98531341600011, 30.091632843000014 ], [ 69.986572266, 30.097780228000033 ], [ 69.987541199000134, 30.106067657000153 ], [ 69.986038208000082, 30.114631653000117 ], [ 69.984840393000184, 30.121322632000158 ], [ 69.984886169000049, 30.131486893000101 ], [ 69.985542297000165, 30.139509201000067 ], [ 69.987419128000113, 30.14592170700007 ], [ 69.991462707999972, 30.153129578000176 ], [ 69.99427795400004, 30.162479401000098 ], [ 69.996482849000131, 30.172369003000028 ], [ 69.997131348000039, 30.179012299000078 ], [ 69.999000549000073, 30.182481765999967 ], [ 70.00271606400014, 30.185678482000185 ], [ 70.005493164000029, 30.186737061000088 ], [ 70.010429382000098, 30.186986923000177 ], [ 70.013206482000157, 30.18804550200008 ], [ 70.015060425000172, 30.189910889000146 ], [ 70.016326904000096, 30.195524215999967 ], [ 70.016075134, 30.206224442000178 ], [ 70.017341614000031, 30.212905884000179 ], [ 70.018898010000157, 30.216377258000193 ], [ 70.020759583000086, 30.219312668000043 ], [ 70.024169922000112, 30.221973419000051 ], [ 70.030342102000077, 30.223554611000111 ], [ 70.03620147700002, 30.224065781000149 ], [ 70.042686462000063, 30.225111008 ], [ 70.047630310000045, 30.226694107000185 ], [ 70.051651001000096, 30.229888916000107 ], [ 70.064079285000048, 30.245618820000061 ], [ 70.072471619000055, 30.25735282900007 ], [ 70.076202393000187, 30.262418747000027 ], [ 70.076210022000055, 30.264558792000059 ], [ 70.075302124000075, 30.267236710000134 ], [ 70.072342735000063, 30.27127781900009 ], [ 70.066696167000032, 30.273159027000133 ], [ 70.059921265000128, 30.275060654000185 ], [ 70.05622100800008, 30.275075912000034 ], [ 70.046043396000186, 30.275117874000102 ], [ 70.039871216000165, 30.275142670000037 ], [ 70.035247803000175, 30.275962830000026 ], [ 70.030624390000185, 30.276784897000084 ], [ 70.021675110000103, 30.277355194000108 ], [ 70.017974854000158, 30.277368546000162 ], [ 70.012420654000152, 30.27738952600015 ], [ 70.007171631000062, 30.275270462000151 ], [ 70.003456116000052, 30.273410797000167 ], [ 70.000358582000104, 30.270214081000177 ], [ 69.995697021000126, 30.263275146000069 ], [ 69.991340637000121, 30.25660324100005 ], [ 69.987625122000111, 30.253408432000128 ], [ 69.982368469000107, 30.250751495000088 ], [ 69.978057861000138, 30.251033783000025 ], [ 69.972824097000171, 30.253459930000133 ], [ 69.970993042000089, 30.258281708000084 ], [ 69.971321106000062, 30.262559891000137 ], [ 69.973754883000083, 30.266784668000184 ], [ 69.978416443000128, 30.273990631000174 ], [ 69.981849670000088, 30.282804489000057 ], [ 69.984062195000092, 30.293764114000169 ], [ 69.984092712, 30.299917221000044 ], [ 69.983177185000045, 30.302328110000133 ], [ 69.981330872000115, 30.302333832000102 ], [ 69.977928162000126, 30.301277161000144 ], [ 69.974525452000137, 30.298881531000177 ], [ 69.970802307000042, 30.295415878000028 ], [ 69.966468811000141, 30.292488098000092 ], [ 69.963081360000047, 30.293035507000184 ], [ 69.960617065000179, 30.29384613000019 ], [ 69.95909118700007, 30.297863007000103 ], [ 69.959121704000154, 30.304552078000143 ], [ 69.959793091000051, 30.317388535000021 ], [ 69.961170249000133, 30.322636412 ], [ 69.964782715000069, 30.327804565000179 ], [ 69.969123840000123, 30.333406448000119 ], [ 69.972862244, 30.340616226000179 ], [ 69.974433899000132, 30.346763611000142 ], [ 69.976928711000141, 30.351570129000095 ], [ 69.980361938000044, 30.357681274000129 ], [ 69.988769531000173, 30.372631073000093 ], [ 69.99344635000017, 30.381175995000092 ], [ 69.995025635, 30.388927460000104 ], [ 69.996612549000019, 30.398284912000065 ], [ 69.996978760000047, 30.40951919600019 ], [ 69.996139526000093, 30.426910400000111 ], [ 69.996490479000045, 30.436538696000071 ], [ 69.99777221700009, 30.445629120000092 ], [ 70.000381470000036, 30.451763153000059 ], [ 70.001945496000133, 30.456573486000025 ], [ 70.004753113000163, 30.460575104000043 ], [ 70.018722534000062, 30.4722938540001 ], [ 70.028671265000128, 30.483489990000123 ], [ 70.038940430000082, 30.495489120000116 ], [ 70.043945312000119, 30.505098342999986 ], [ 70.048332214000197, 30.516851425000084 ], [ 70.055206299000076, 30.529130936000115 ], [ 70.064941406000059, 30.547262192000176 ], [ 70.069015503000116, 30.556341171000042 ], [ 70.077781677000132, 30.573692322000113 ], [ 70.085632324000187, 30.592920303000085 ], [ 70.092582703000176, 30.615898132000098 ], [ 70.094825745000094, 30.628730774000132 ], [ 70.094894409000119, 30.641819 ], [ 70.093704224000135, 30.649850845000174 ], [ 70.092216492000148, 30.66055870100007 ], [ 70.089477539000086, 30.668329239000172 ], [ 70.087051392000149, 30.677436828999987 ], [ 70.08647918700018, 30.685197830000106 ], [ 70.087142944000107, 30.692955017000031 ], [ 70.088722229000098, 30.69749641400017 ], [ 70.091835022, 30.700426102000108 ], [ 70.095575974000099, 30.703887753000117 ], [ 70.098388672000112, 30.707620621000046 ], [ 70.100273132000098, 30.712160110000013 ], [ 70.100929259999987, 30.718042374 ], [ 70.102226257000098, 30.727668762000178 ], [ 70.103493270000058, 30.732211591000066 ], [ 70.105995178000114, 30.735677719000137 ], [ 70.108802794999974, 30.737806320000175 ], [ 70.111907959000064, 30.739130020000061 ], [ 70.115631104000158, 30.739379883000026 ], [ 70.123916626000039, 30.73849868800005 ], [ 70.126396179000153, 30.738485336 ], [ 70.131042480000076, 30.737394333000054 ], [ 70.141265869000165, 30.735740662000126 ], [ 70.149330139000028, 30.735967636000055 ], [ 70.153045654000039, 30.735950470000091 ], [ 70.156158447000109, 30.737272263000079 ], [ 70.158653259000118, 30.739934921000156 ], [ 70.159919739000088, 30.743406296000046 ], [ 70.159957886000143, 30.749292374000163 ], [ 70.161270142000035, 30.759988785000132 ], [ 70.16318511999998, 30.768274307000183 ], [ 70.16569519, 30.772274016999972 ], [ 70.168190002000017, 30.774669647000167 ], [ 70.170684814000026, 30.776262283000108 ], [ 70.176895141999978, 30.776765823 ], [ 70.192092896000133, 30.776687622000054 ], [ 70.201095581000118, 30.777709960999971 ], [ 70.206687927000075, 30.779285431000119 ], [ 70.209808350000117, 30.781408310000188 ], [ 70.212623596000128, 30.78513908400015 ], [ 70.215766907000102, 30.790206909000176 ], [ 70.218666077000137, 30.805173874000161 ], [ 70.220787048000034, 30.827892303000056 ], [ 70.222404480000137, 30.837247849000164 ], [ 70.223983765000128, 30.840450287000124 ], [ 70.226799011000196, 30.843111038000075 ], [ 70.232383728000173, 30.843347548999986 ], [ 70.257843018000074, 30.843202591000079 ], [ 70.264358521000133, 30.843700409000064 ], [ 70.267166138000164, 30.845289230000162 ], [ 70.269714355000076, 30.852766037000038 ], [ 70.270698547000165, 30.859985352000024 ], [ 70.269500732000097, 30.865343094000139 ], [ 70.267341098000088, 30.867497556000046 ], [ 70.260536194000167, 30.87021255500008 ], [ 70.255584717000033, 30.872381210000185 ], [ 70.253448486000082, 30.877477646000159 ], [ 70.252555847000053, 30.882833481000034 ], [ 70.254165649000186, 30.890583038000045 ], [ 70.258300781, 30.903135300000145 ], [ 70.262489319, 30.920745850000117 ], [ 70.263763428000175, 30.925287247000085 ], [ 70.265472412000179, 30.944810867000058 ], [ 70.265625, 30.9646091460001 ], [ 70.265190165000035, 30.987621088000026 ], [ 70.264663696000071, 30.999935150000169 ], [ 70.265060425000115, 31.008176804000129 ], [ 70.266075134000175, 31.019142151000153 ], [ 70.2683715820001, 31.03384590100012 ], [ 70.269973755000024, 31.04025840800017 ], [ 70.273757935000162, 31.046123505000082 ], [ 70.282569885000044, 31.059183121000103 ], [ 70.287635803000171, 31.069587708000029 ], [ 70.291465759000175, 31.081338882000125 ], [ 70.294380188000162, 31.095235825000032 ], [ 70.294784546000074, 31.104860306000148 ], [ 70.293983459000117, 31.121189117000029 ], [ 70.292289734000065, 31.142606735000186 ], [ 70.292388916000107, 31.154914856000119 ], [ 70.292739868000183, 31.15946197500017 ], [ 70.287513733000196, 31.165496826000094 ], [ 70.292602539000086, 31.167840958000056 ], [ 70.309883118000187, 31.174806595000064 ], [ 70.317610998000077, 31.177033327000117 ], [ 70.318708671000081, 31.17734961300016 ], [ 70.323503088000166, 31.178731090000156 ], [ 70.334011942000188, 31.181759140000054 ], [ 70.334870279000029, 31.182006464000096 ], [ 70.336947481000152, 31.182604610000169 ], [ 70.337545608000141, 31.182758592000141 ], [ 70.341499775000045, 31.183752446000142 ], [ 70.35216669600004, 31.186433508000107 ], [ 70.352622350000047, 31.186548034000168 ], [ 70.354113292000136, 31.186922693000156 ], [ 70.356636040000183, 31.187552417 ], [ 70.357540511000138, 31.187778187000049 ], [ 70.359936660000074, 31.188376302000052 ], [ 70.361554737000063, 31.188780198000075 ], [ 70.364767841, 31.189582237000138 ], [ 70.366023648000123, 31.18989570500014 ], [ 70.368988788000138, 31.190634039000088 ], [ 70.369749615000103, 31.190801664000048 ], [ 70.37094921400012, 31.191065630000026 ], [ 70.372224305000032, 31.191346208000141 ], [ 70.373383399000033, 31.191601261000187 ], [ 70.380714417000149, 31.193214417000092 ], [ 70.394035339000084, 31.196363449000046 ], [ 70.404541016000053, 31.199834824000106 ], [ 70.403991699000187, 31.205961227000159 ], [ 70.404998779000039, 31.212610245000121 ], [ 70.409629822000113, 31.218605042000092 ], [ 70.413536072000056, 31.225387573000035 ], [ 70.418472290000068, 31.235933304000127 ], [ 70.422729492000087, 31.244941711000081 ], [ 70.424156189000087, 31.246549606000144 ], [ 70.42296600300017, 31.24847221400006 ], [ 70.423797607000097, 31.250019073000033 ], [ 70.424659729000155, 31.251220703000172 ], [ 70.427719116000105, 31.253810883000085 ], [ 70.42874908400006, 31.256299973000182 ], [ 70.429222106999987, 31.259790421000105 ], [ 70.430030823000152, 31.263629912999988 ], [ 70.430549622000171, 31.265779495000061 ], [ 70.432510376000039, 31.268560410000191 ], [ 70.436630249000132, 31.272489548000067 ], [ 70.438972473000092, 31.276109695000173 ], [ 70.440132141000163, 31.278190613000049 ], [ 70.446716309000124, 31.286109924000073 ], [ 70.448837280000191, 31.290519714000084 ], [ 70.450218201000155, 31.294050217000063 ], [ 70.451972961000195, 31.294750213999976 ], [ 70.455146790000185, 31.295129776000124 ], [ 70.457611084000121, 31.296009064000089 ], [ 70.460319519000166, 31.296800613000073 ], [ 70.464851379000152, 31.297430038000016 ], [ 70.467361450000055, 31.29784965500005 ], [ 70.470756531000063, 31.298540115000151 ], [ 70.480796814000087, 31.299840927000105 ], [ 70.490066528, 31.300069809000036 ], [ 70.49482727100019, 31.301130295000064 ], [ 70.499816895000038, 31.302310944000112 ], [ 70.501441956000122, 31.302230835000159 ], [ 70.506286621000129, 31.303289413000186 ], [ 70.510459900000171, 31.304100037000069 ], [ 70.51394653300008, 31.304340363000108 ], [ 70.520393372000171, 31.304750443000103 ], [ 70.524810791000164, 31.306089401 ], [ 70.528213501000153, 31.309160233000114 ], [ 70.528938293000124, 31.311660767000035 ], [ 70.529098511000029, 31.313800812000068 ], [ 70.531593323000038, 31.317350388000136 ], [ 70.534866333000139, 31.318979263000188 ], [ 70.538093566999976, 31.320930481000175 ], [ 70.53971862800006, 31.322790146000102 ], [ 70.541069031000177, 31.324310303000061 ], [ 70.540611267000145, 31.326019287000065 ], [ 70.54274749800004, 31.329259872000193 ], [ 70.545097351000038, 31.33313942 ], [ 70.544927759000018, 31.335665006000113 ], [ 70.545524597000053, 31.335594177000189 ], [ 70.550811768000074, 31.335531235000133 ], [ 70.554725647000168, 31.338108063000163 ], [ 70.558418274000076, 31.340154648000123 ], [ 70.562080383000136, 31.340459824000163 ], [ 70.565742493000073, 31.340415955000026 ], [ 70.568977356000119, 31.339332581000065 ], [ 70.574607849000131, 31.335777283000084 ], [ 70.582672119, 31.331497192000029 ], [ 70.589958191000164, 31.32966613800005 ], [ 70.597671509000122, 31.328874588000133 ], [ 70.601310730000193, 31.327783585000191 ], [ 70.602912903000174, 31.326370239000141 ], [ 70.6044769290001, 31.32286453200004 ], [ 70.605667114000084, 31.3211059570001 ], [ 70.607688903999986, 31.320035934000146 ], [ 70.610145569000167, 31.321399689000089 ], [ 70.611396790000185, 31.323127747000058 ], [ 70.61344146700003, 31.323799133000193 ], [ 70.614273071000071, 31.324834824000163 ], [ 70.616310120000151, 31.325159073000123 ], [ 70.619956970000089, 31.324764252000193 ], [ 70.623596191000161, 31.323324203000141 ], [ 70.628814697000109, 31.319774628000175 ], [ 70.634475708000195, 31.317611694000107 ], [ 70.641387939000197, 31.317873001000123 ], [ 70.648277228000097, 31.317606369000089 ], [ 70.654792786000087, 31.317354202000104 ], [ 70.666168213000105, 31.317209244000026 ], [ 70.672660828, 31.31642913800016 ], [ 70.675094604000151, 31.316049576000182 ], [ 70.678771973000039, 31.317396164000058 ], [ 70.680831909000119, 31.318765640000038 ], [ 70.685035706, 31.326728821000131 ], [ 70.69123840300017, 31.332574844000021 ], [ 70.698608398000033, 31.335617065000122 ], [ 70.704750061000084, 31.337978363000104 ], [ 70.710845947000109, 31.337898254000152 ], [ 70.717758179000043, 31.337806702000023 ], [ 70.725479126000039, 31.337705612000036 ], [ 70.732368469000107, 31.336566925000056 ], [ 70.733993530000191, 31.336196899000129 ], [ 70.735206604000041, 31.335832596000103 ], [ 70.738433838000049, 31.334743500000059 ], [ 70.740440369000055, 31.332973480000135 ], [ 70.741195679000043, 31.32982635500008 ], [ 70.7423172, 31.324581146000128 ], [ 70.74344635, 31.319684982000069 ], [ 70.745025635000047, 31.31687545800014 ], [ 70.748953453000127, 31.314877872000011 ], [ 70.753479004000042, 31.312576294000053 ], [ 70.761108398000147, 31.310667038000133 ], [ 70.766029358000196, 31.309617996000043 ], [ 70.770874023000033, 31.308156967000059 ], [ 70.774742127000138, 31.305744934000018 ], [ 70.778900146000183, 31.308206558000165 ], [ 70.781768799000133, 31.311443329000156 ], [ 70.78356170700016, 31.314487457000155 ], [ 70.785118103000116, 31.319032668999967 ], [ 70.787101746000019, 31.327852249000159 ], [ 70.787925719999976, 31.332866669000111 ], [ 70.787544250000053, 31.335781097000051 ], [ 70.786605835000103, 31.338438034000035 ], [ 70.785339355000133, 31.342304230000025 ], [ 70.784843445000149, 31.344606400000089 ], [ 70.785049438000044, 31.34680557300004 ], [ 70.785568237000064, 31.348402023000119 ], [ 70.786506653000117, 31.350130081000145 ], [ 70.787895203000062, 31.351016998000034 ], [ 70.7898559570001, 31.351795197000058 ], [ 70.795639038000161, 31.353153229000156 ], [ 70.800018311000031, 31.353868484000088 ], [ 70.802696228000173, 31.354421616000025 ], [ 70.805221558000028, 31.356046677000109 ], [ 70.808120728000119, 31.358552933000169 ], [ 70.810585022000055, 31.361413956000035 ], [ 70.810783386000139, 31.361829758000113 ], [ 70.812980652000022, 31.36646652200011 ], [ 70.813720703000058, 31.36977386500007 ], [ 70.81318664600002, 31.373050690000071 ], [ 70.813880920000088, 31.375543594000078 ], [ 70.817054749000079, 31.377525330000083 ], [ 70.823036194000167, 31.377992630000051 ], [ 70.829284668000071, 31.377861023000094 ], [ 70.834861755000134, 31.381795883000052 ], [ 70.835405804000118, 31.383013354000127 ], [ 70.83618164100011, 31.386268616 ], [ 70.836135864000141, 31.388374329000044 ], [ 70.834732056000121, 31.389631271000155 ], [ 70.832962036000083, 31.390398026000071 ], [ 70.829200745000151, 31.391977310000186 ], [ 70.827011108000079, 31.392833710000161 ], [ 70.827331543000014, 31.39390754700014 ], [ 70.828330994000055, 31.395784378000087 ], [ 70.830215453999983, 31.396898270000065 ], [ 70.8332901, 31.396800995000092 ], [ 70.835693359000174, 31.396659851000095 ], [ 70.839927673000034, 31.396690369000169 ], [ 70.842071533000137, 31.397176743000102 ], [ 70.842964172000052, 31.398696899000072 ], [ 70.842712402000188, 31.400846481000144 ], [ 70.841934204000097, 31.401968002000103 ], [ 70.84262085000006, 31.404294968000102 ], [ 70.843200684000067, 31.40620231600019 ], [ 70.843055725000056, 31.409471512000096 ], [ 70.842071533000137, 31.412921906000122 ], [ 70.842140198000095, 31.417669296000042 ], [ 70.84226226800007, 31.422594070000173 ], [ 70.842483521000133, 31.424831390000179 ], [ 70.843635559000063, 31.42572403000014 ], [ 70.845046997000168, 31.425989151000181 ], [ 70.847129822000113, 31.425533295000093 ], [ 70.849273681999989, 31.425258636000024 ], [ 70.851417542000092, 31.425745010000128 ], [ 70.859886169000106, 31.426568985000188 ], [ 70.871696472000053, 31.426666260000161 ], [ 70.875778198000091, 31.427682877000166 ], [ 70.879600525000058, 31.429327011000112 ], [ 70.882690430000196, 31.430749893000041 ], [ 70.884002686000088, 31.432178497000166 ], [ 70.885467529000039, 31.433382034000147 ], [ 70.886413574000073, 31.434318542000028 ], [ 70.889923096000189, 31.435651779000125 ], [ 70.892646790000128, 31.437343597000108 ], [ 70.893066406, 31.438774109000178 ], [ 70.893547058000195, 31.44038391100014 ], [ 70.892402649000076, 31.442537308000055 ], [ 70.88979339600013, 31.444248199000128 ], [ 70.887290955000083, 31.444793701000151 ], [ 70.884681702000137, 31.4465045930001 ], [ 70.884376526000096, 31.448474884000177 ], [ 70.884963989000141, 31.451204300000029 ], [ 70.885757446000127, 31.45388793900014 ], [ 70.887336731000175, 31.45773506200004 ], [ 70.888404846000128, 31.46205902100013 ], [ 70.889152527000135, 31.466087341 ], [ 70.890466183000115, 31.470508768000172 ], [ 70.890800476000152, 31.471633911000083 ], [ 70.892700195000032, 31.47579193100006 ], [ 70.8953247070001, 31.47941017200003 ], [ 70.897117615000127, 31.48244857800006 ], [ 70.897384644000113, 31.484104156000114 ], [ 70.896713257000044, 31.485584259000063 ], [ 70.895042419, 31.486709595000093 ], [ 70.892486572, 31.487836838000021 ], [ 70.889976501000092, 31.488382339000168 ], [ 70.883178711000028, 31.489480972000024 ], [ 70.881507874000079, 31.489845276000153 ], [ 70.879890441999976, 31.490386963000105 ], [ 70.878692627000078, 31.492361069000026 ], [ 70.877029419000166, 31.494247437000126 ], [ 70.876937866000105, 31.497695923000151 ], [ 70.876892090000069, 31.500560760000155 ], [ 70.876701355000193, 31.504411697000023 ], [ 70.876869202000137, 31.507232666000107 ], [ 70.876296997000111, 31.50907135000017 ], [ 70.873428345000093, 31.510646820000147 ], [ 70.871498108000139, 31.511638641000047 ], [ 70.869300842000087, 31.512496948000091 ], [ 70.869415283000023, 31.51361465500014 ], [ 70.870040894000056, 31.514240265000183 ], [ 70.872116089000031, 31.514463425000031 ], [ 70.875877380000134, 31.514406204000181 ], [ 70.877815247000171, 31.514175415000182 ], [ 70.881683350000174, 31.512954712000123 ], [ 70.887222290000182, 31.512889862000122 ], [ 70.896430969000164, 31.512411118000102 ], [ 70.898315430000196, 31.512763977000077 ], [ 70.900093079000101, 31.513519287000065 ], [ 70.90093231200018, 31.514097214000174 ], [ 70.90162658700018, 31.516424179000069 ], [ 70.902206421000187, 31.518392563000191 ], [ 70.902015686000084, 31.522243500000059 ], [ 70.901184082000043, 31.523946762000151 ], [ 70.899620056000117, 31.525430679000067 ], [ 70.893562317000089, 31.529033661000142 ], [ 70.890281677000075, 31.531463623000093 ], [ 70.886421204000158, 31.534206390000122 ], [ 70.884017944000107, 31.536632538000106 ], [ 70.882308960000103, 31.540624619000084 ], [ 70.880699158000141, 31.542688370000064 ], [ 70.879493713000102, 31.543901443000152 ], [ 70.876358032000098, 31.544584274000101 ], [ 70.873588562000123, 31.544996262000041 ], [ 70.871650696000188, 31.545225143000096 ], [ 70.870033264000085, 31.545768738000049 ], [ 70.869361877000074, 31.547248840000123 ], [ 70.870315552000193, 31.550468445000149 ], [ 70.871154785000101, 31.552570343000127 ], [ 70.872268677000079, 31.554805756000064 ], [ 70.872947693000128, 31.555610657000159 ], [ 70.874099731000058, 31.556501389000118 ], [ 70.87546539300007, 31.556587219000107 ], [ 70.877609253000173, 31.557071686000143 ], [ 70.879081726000038, 31.558277130000079 ], [ 70.880134583000029, 31.559572220000121 ], [ 70.880874634000065, 31.561315536000109 ], [ 70.881042480000076, 31.564136505000192 ], [ 70.88005360600016, 31.566301858000031 ], [ 70.879859924000129, 31.569320679000157 ], [ 70.880332947000113, 31.570930481000119 ], [ 70.881278992000148, 31.571866989000171 ], [ 70.882904053, 31.572086334000119 ], [ 70.884841919000166, 31.571855545000119 ], [ 70.887092590000123, 31.572698593000041 ], [ 70.889930725, 31.574748993000071 ], [ 70.890876770000034, 31.576448441000139 ], [ 70.891616821000071, 31.578952789000084 ], [ 70.891845703000172, 31.582714081000063 ], [ 70.892791748000036, 31.584411621000186 ], [ 70.893844604000094, 31.584945679000157 ], [ 70.897453308000081, 31.585111618000099 ], [ 70.898818970000093, 31.585958481000091 ], [ 70.899406433000138, 31.587926865000043 ], [ 70.899467468000125, 31.590389252000136 ], [ 70.898689270000034, 31.592271805000053 ], [ 70.895973206000178, 31.595148087000155 ], [ 70.894676208000192, 31.597524643000156 ], [ 70.892333984000174, 31.600891113000159 ], [ 70.892028809000067, 31.603624344000082 ], [ 70.891204834000177, 31.606849670000145 ], [ 70.888282775999983, 31.609008789000029 ], [ 70.885719299000073, 31.610137938999969 ], [ 70.883270264000032, 31.612384796000185 ], [ 70.883544922000056, 31.615562439000087 ], [ 70.884178162000183, 31.61771011400009 ], [ 70.884838993000074, 31.618759084000033 ], [ 70.886711121000076, 31.621730804000038 ], [ 70.889350891000163, 31.625513077000107 ], [ 70.890716553, 31.626358032000098 ], [ 70.891670227000077, 31.629579544000023 ], [ 70.891365051000037, 31.632312775000116 ], [ 70.889701843000068, 31.63419914200017 ], [ 70.88781738300014, 31.635368347000167 ], [ 70.884887695000032, 31.636005402000023 ], [ 70.883003235000047, 31.637176514000146 ], [ 70.882537842000033, 31.637849808000055 ], [ 70.882911682000042, 31.639101028000027 ], [ 70.884132385000044, 31.643217087000153 ], [ 70.887199402000078, 31.65055084200003 ], [ 70.890525818000128, 31.657255173000124 ], [ 70.894378662000065, 31.664228439000112 ], [ 70.899063110000043, 31.671018600000139 ], [ 70.9025599470001, 31.675675024000157 ], [ 70.904228210000042, 31.677896500000088 ], [ 70.907707214000141, 31.68209266700012 ], [ 70.910118103, 31.683473587000151 ], [ 70.91774749800004, 31.687900543000126 ], [ 70.921157837000067, 31.688873291000164 ], [ 70.924400330000196, 31.688547134000089 ], [ 70.935295105000023, 31.68618011500007 ], [ 70.941314697, 31.685440063000101 ], [ 70.942893982000044, 31.686241150000058 ], [ 70.94363403300008, 31.687984467000149 ], [ 70.942489624000132, 31.690137863000132 ], [ 70.941497803000061, 31.691305161000116 ], [ 70.935424805000139, 31.692626953000058 ], [ 70.93317413300008, 31.693305969000107 ], [ 70.932601929000157, 31.6943836210001 ], [ 70.931930542000089, 31.696624756000176 ], [ 70.932800293000014, 31.702531815000157 ], [ 70.934661865000066, 31.709556580000083 ], [ 70.936210632000041, 31.716266632000156 ], [ 70.938644409000062, 31.720689774 ], [ 70.941177368000126, 31.72394943200004 ], [ 70.94233703600014, 31.725603104000129 ], [ 70.945430789000056, 31.727670178999972 ], [ 70.947067261000086, 31.728763580000134 ], [ 70.952064514000142, 31.731296539000027 ], [ 70.95468902600004, 31.732629776000124 ], [ 70.95590210000006, 31.734460831000149 ], [ 70.957176208000135, 31.73723220800008 ], [ 70.957633972000167, 31.740142822000166 ], [ 70.959457397000108, 31.747747421000099 ], [ 70.96104431200007, 31.751592636000055 ], [ 70.962364197000113, 31.753019333000054 ], [ 70.963836669999978, 31.754222870000035 ], [ 70.965782166000054, 31.755514145000063 ], [ 70.970359802000075, 31.757375717000059 ], [ 70.974044800000172, 31.760004044000027 ], [ 70.976249695000035, 31.761426926000183 ], [ 70.977890015000071, 31.763927460000104 ], [ 70.980018616000052, 31.770322800000088 ], [ 70.981033325000112, 31.773721695 ], [ 70.982353210000156, 31.775148392 ], [ 70.983924866000166, 31.77594947800003 ], [ 70.986083984000118, 31.77643203700012 ], [ 70.989379883000197, 31.776439667000034 ], [ 70.991372441000067, 31.77644491000018 ], [ 70.993003845000032, 31.776449203000084 ], [ 70.996734619000165, 31.776969910000105 ], [ 70.999000549000073, 31.778572083000086 ], [ 71.000732422000112, 31.779909134000093 ], [ 71.001480103000063, 31.782413483000141 ], [ 71.002655029000096, 31.7863483430001 ], [ 71.003242493000016, 31.787555695000151 ], [ 71.008338505000154, 31.795156068999972 ], [ 71.012596130000077, 31.801506042000028 ], [ 71.017143250000117, 31.807512283000051 ], [ 71.018857624000191, 31.811685991000047 ], [ 71.020523071000071, 31.815740585000185 ], [ 71.023925781000059, 31.826181412000096 ], [ 71.027381897000168, 31.838397980000025 ], [ 71.029556274000072, 31.844017029000156 ], [ 71.031761169000163, 31.852254868000045 ], [ 71.032752991000166, 31.856473923000181 ], [ 71.033988953000119, 31.862705231000064 ], [ 71.035461426000154, 31.86792755099998 ], [ 71.037849426000037, 31.870929718000127 ], [ 71.041183472, 31.874126434000175 ], [ 71.045455933000142, 31.87610817000018 ], [ 71.056121826000037, 31.880256653000117 ], [ 71.060623169000053, 31.881832123000095 ], [ 71.062286377000191, 31.88302803 ], [ 71.062545776000093, 31.884635925000111 ], [ 71.062568665000128, 31.887252807999971 ], [ 71.062126160000162, 31.889873505000025 ], [ 71.060539246000133, 31.896526337000182 ], [ 71.059402466000051, 31.90076255800011 ], [ 71.059906006000176, 31.904180527000051 ], [ 71.061347961000195, 31.906785965000154 ], [ 71.063026428000057, 31.908584595000093 ], [ 71.065460205000079, 31.911376953 ], [ 71.068328857000097, 31.914373398000066 ], [ 71.068824768000184, 31.91638374300004 ], [ 71.067192078000119, 31.91880989100008 ], [ 71.066047668000124, 31.922039032000157 ], [ 71.064682007000158, 31.927282333000107 ], [ 71.065193176000093, 31.930902481000146 ], [ 71.066177368000183, 31.934921265000128 ], [ 71.067222595000032, 31.938869476000036 ], [ 71.068145752000135, 31.942354202000104 ], [ 71.068803103999983, 31.944157549000181 ], [ 71.071014403999982, 31.950223923000124 ], [ 71.069145203000176, 31.961338043000069 ], [ 71.068005534000065, 31.966610964000154 ], [ 71.067474365000123, 31.969068527000047 ], [ 71.06668090800008, 31.970586777000051 ], [ 71.069770813000048, 31.98235130300003 ], [ 71.070449829000097, 31.987180710000189 ], [ 71.072143555000082, 31.998908997000058 ], [ 71.06986999500009, 32.008152008000025 ], [ 71.068786621000129, 32.018104553000057 ], [ 71.066299438000158, 32.020462036000026 ], [ 71.065010071000131, 32.023185730000137 ], [ 71.06332397500006, 32.025905609000176 ], [ 71.063247681000178, 32.028656006000119 ], [ 71.063209534000123, 32.030029297000169 ], [ 71.065986633000136, 32.031806946000074 ], [ 71.067912445000104, 32.032464932000153 ], [ 71.069190979000041, 32.03290176400003 ], [ 71.075653076000094, 32.033031464000146 ], [ 71.080886841000165, 32.033821106000119 ], [ 71.084838867000144, 32.03699874900019 ], [ 71.088409424000076, 32.039474487000064 ], [ 71.090407103000075, 32.045335026000089 ], [ 71.090652466000051, 32.046054840000124 ], [ 71.090583801000093, 32.048461914000029 ], [ 71.090560913000161, 32.049491882000154 ], [ 71.090484619000108, 32.052242279000041 ], [ 71.091613770000151, 32.055362701000149 ], [ 71.093940735000047, 32.058845520000091 ], [ 71.095870972000171, 32.062324524000189 ], [ 71.09652710000006, 32.066364288000102 ], [ 71.098358154000039, 32.073280334 ], [ 71.099891663000051, 32.076404572000058 ], [ 71.101715088000162, 32.083663940000122 ], [ 71.102355957000157, 32.08986663800016 ], [ 71.104425257000173, 32.093278094000141 ], [ 71.107002258000136, 32.097526550000111 ], [ 71.109710693000125, 32.102050781000116 ], [ 71.112030028999982, 32.105880737000064 ], [ 71.113594055000078, 32.107975006000061 ], [ 71.113395691000051, 32.115192413000102 ], [ 71.112525940000069, 32.117584229000158 ], [ 71.110832214000084, 32.120300293000184 ], [ 71.107948303000171, 32.122306824000191 ], [ 71.105888367000034, 32.123641968000186 ], [ 71.103828430000078, 32.124977112000124 ], [ 71.102561951000155, 32.127017975000172 ], [ 71.10247039800015, 32.130455017000145 ], [ 71.102394104000041, 32.133205414000088 ], [ 71.106201172000112, 32.141880035000099 ], [ 71.107627869000112, 32.149131775000058 ], [ 71.109550476000095, 32.152606964000086 ], [ 71.111434937000126, 32.157802582000102 ], [ 71.112159729000098, 32.160915375000172 ], [ 71.112953186000084, 32.161617279000154 ], [ 71.114509582999972, 32.163711548000151 ], [ 71.116539001000035, 32.163749695000035 ], [ 71.124282837000067, 32.161495209000179 ], [ 71.130805969000107, 32.159900665000066 ], [ 71.142959595000093, 32.159450531000118 ], [ 71.146575928000118, 32.16020965600012 ], [ 71.151725769000166, 32.164436340000066 ], [ 71.155662537000069, 32.168640137000182 ], [ 71.159355524000034, 32.174600705000046 ], [ 71.161483765000185, 32.17803573600014 ], [ 71.167488098000035, 32.184295654000096 ], [ 71.169830322000053, 32.187438965000013 ], [ 71.172981262000121, 32.19093704200003 ], [ 71.17531204300019, 32.196935654000185 ], [ 71.176467896000133, 32.19910812400019 ], [ 71.176445007000098, 32.200103760000161 ], [ 71.176414490000184, 32.201099396000075 ], [ 71.176391602000081, 32.202095032000045 ], [ 71.175483704000101, 32.20307159400005 ], [ 71.174307862000148, 32.204967639000131 ], [ 71.173339844000168, 32.206516266000108 ], [ 71.171829224000021, 32.208229065000182 ], [ 71.168167114000084, 32.213638306000178 ], [ 71.167152405000081, 32.218845367000142 ], [ 71.166679382000098, 32.225559235000048 ], [ 71.166526794000049, 32.231529236000085 ], [ 71.169136047000052, 32.243530273000147 ], [ 71.17077636700003, 32.248043060000043 ], [ 71.17302703900009, 32.251571655000077 ], [ 71.17615509, 32.255363464000027 ], [ 71.178993225000113, 32.258903503000056 ], [ 71.181213379000155, 32.263675690000127 ], [ 71.184616089000144, 32.268222809000065 ], [ 71.189765930000135, 32.273052216000053 ], [ 71.194396973000096, 32.275379181000119 ], [ 71.197914124000022, 32.276885985999968 ], [ 71.200805664000029, 32.27843475300017 ], [ 71.204566956000178, 32.280498505000025 ], [ 71.206565857000101, 32.282527924000135 ], [ 71.208259583000086, 32.285049438000044 ], [ 71.20989227299998, 32.290058136000084 ], [ 71.211502075000169, 32.295566559000122 ], [ 71.213737488000106, 32.300086975000056 ], [ 71.215980530000081, 32.304115295000088 ], [ 71.218238831000122, 32.307392120000031 ], [ 71.223114013999975, 32.311717987000122 ], [ 71.22914886500007, 32.316558838 ], [ 71.239761353000119, 32.326217651000093 ], [ 71.260921081999982, 32.343210351999971 ], [ 71.267364502000078, 32.348384857000099 ], [ 71.271766663000051, 32.35241699200003 ], [ 71.276092529000039, 32.355484009000065 ], [ 71.280960083000082, 32.360549927000193 ], [ 71.282669067000086, 32.362571716000048 ], [ 71.284370422000052, 32.36484527600004 ], [ 71.285804749000192, 32.366115570000147 ], [ 71.287841797000169, 32.366901398000152 ], [ 71.290473938000048, 32.367446899000072 ], [ 71.294593811000141, 32.367023468000127 ], [ 71.297843933000138, 32.36608505200013 ], [ 71.30196380600006, 32.365661621000186 ], [ 71.311370850000174, 32.365085602000192 ], [ 71.315490723000039, 32.364910126000098 ], [ 71.321083069000053, 32.364261627000133 ], [ 71.322555542000089, 32.364040375000172 ], [ 71.329002380000077, 32.364406586000143 ], [ 71.332481384000175, 32.366458893000072 ], [ 71.335678101000042, 32.367759705000026 ], [ 71.337684631000172, 32.369537354000158 ], [ 71.339103699000191, 32.371555328000113 ], [ 71.340217590000066, 32.374065399000074 ], [ 71.340049744, 32.380783081000061 ], [ 71.338783264000028, 32.384494781000058 ], [ 71.337562561000198, 32.38646316500018 ], [ 71.336671076000073, 32.387228216000153 ], [ 71.334556580000083, 32.389148712000065 ], [ 71.330360413000108, 32.392807007000158 ], [ 71.328529358000196, 32.395515441999976 ], [ 71.327255249000189, 32.399475098000039 ], [ 71.327125549000129, 32.404701233000026 ], [ 71.329910278000057, 32.410972595000032 ], [ 71.331001282000102, 32.414230347000114 ], [ 71.333312988000046, 32.415763855000193 ], [ 71.335662842000147, 32.415805817000091 ], [ 71.339797974000135, 32.41488266000016 ], [ 71.34303283700018, 32.414691925000113 ], [ 71.345336914000143, 32.416477203000056 ], [ 71.344383240000127, 32.419692993000183 ], [ 71.33962249800004, 32.421852112000067 ], [ 71.33604431200007, 32.424278259000175 ], [ 71.334556580000083, 32.424995422000052 ], [ 71.334518433000028, 32.42649078400018 ], [ 71.335319519000052, 32.42974090600012 ], [ 71.336082458000021, 32.434482574000072 ], [ 71.339477539000029, 32.443485260000102 ], [ 71.341979980000019, 32.449256897000112 ], [ 71.34341430700016, 32.456996918000073 ], [ 71.343620300000055, 32.459102631000121 ], [ 71.343673706, 32.459674835000044 ], [ 71.344001770000148, 32.461490631000174 ], [ 71.346754787000123, 32.469650499000124 ], [ 71.347496033000198, 32.471847534000062 ], [ 71.349739075000116, 32.480136871000184 ], [ 71.351387024000132, 32.489730835000159 ], [ 71.352699280000195, 32.496990204000099 ], [ 71.353027344000168, 32.498546600000111 ], [ 71.352119446000188, 32.499591827000188 ], [ 71.350593567000146, 32.499607086000083 ], [ 71.347534180000025, 32.499633789000086 ], [ 71.342338562000066, 32.500198363999971 ], [ 71.338378906000173, 32.502052307000156 ], [ 71.336845398000094, 32.505931854000096 ], [ 71.328414917000032, 32.526546478000114 ], [ 71.325286865000066, 32.532386780000138 ], [ 71.323478699000191, 32.533954620000031 ], [ 71.318000793000067, 32.534389496000131 ], [ 71.312973022000051, 32.533657074000075 ], [ 71.305656433000138, 32.533332825000173 ], [ 71.298789978000173, 32.532226562000062 ], [ 71.297859192000033, 32.530685425000172 ], [ 71.2978363040001, 32.528747559000067 ], [ 71.297821045000035, 32.527584076000153 ], [ 71.300071716000161, 32.524467468000012 ], [ 71.300025940000126, 32.520977020000089 ], [ 71.299980164000033, 32.516716003 ], [ 71.296745300000111, 32.513641356999983 ], [ 71.293998718000012, 32.513275146000183 ], [ 71.289901733000079, 32.514087677000134 ], [ 71.285331726000038, 32.514125824000189 ], [ 71.280311584000174, 32.514167786000144 ], [ 71.276649475000113, 32.513420105000193 ], [ 71.274803162000183, 32.511886597000114 ], [ 71.272941589000084, 32.508800507000046 ], [ 71.27198028600003, 32.504547119000165 ], [ 71.270050049000133, 32.49564743000019 ], [ 71.269081116000166, 32.49100494400011 ], [ 71.265419006, 32.49026107800006 ], [ 71.262222290000182, 32.490283966000163 ], [ 71.256759644000113, 32.491878510000106 ], [ 71.252685547000112, 32.494625091999978 ], [ 71.247245789000146, 32.498157501000151 ], [ 71.243194580000022, 32.503616333000082 ], [ 71.238212585000042, 32.507534027000077 ], [ 71.232772827000076, 32.511066437000125 ], [ 71.231962564000071, 32.512040924000189 ], [ 71.232269673000189, 32.512453142000027 ], [ 71.234024615000067, 32.514504650000106 ], [ 71.235527128000172, 32.516718843999968 ], [ 71.236793518000127, 32.51892852800006 ], [ 71.246932983000193, 32.536651611000138 ], [ 71.247947693000128, 32.539440155000136 ], [ 71.248863220000089, 32.541358947999981 ], [ 71.248901367000144, 32.544509888000107 ], [ 71.179600179000033, 32.591067035000151 ], [ 71.178672791000054, 32.591690062999987 ], [ 71.176231384000118, 32.591590881000172 ], [ 71.174766541000167, 32.591621399000189 ], [ 71.173591614000031, 32.592029572000115 ], [ 71.171119690000126, 32.59336090100004 ], [ 71.168663025000171, 32.594890594000049 ], [ 71.166656494000165, 32.596630096000126 ], [ 71.165573120000033, 32.597530365000068 ], [ 71.163932800000055, 32.599079132000043 ], [ 71.163208008000083, 32.600330353000118 ], [ 71.16274261500007, 32.601139069000055 ], [ 71.162536621000072, 32.602519989000086 ], [ 71.163337707999972, 32.605041504000098 ], [ 71.164756775000058, 32.606979370000033 ], [ 71.167022705000136, 32.607280731000174 ], [ 71.168113708000078, 32.607810974000074 ], [ 71.168952942000089, 32.609008789000143 ], [ 71.168373108000083, 32.613231659000178 ], [ 71.168136597000114, 32.615959167000028 ], [ 71.167930603000116, 32.617118835000099 ], [ 71.167602538999972, 32.618801117000032 ], [ 71.166397095000093, 32.621311188000107 ], [ 71.165008545000148, 32.622798920000093 ], [ 71.163780212000177, 32.623870850000174 ], [ 71.162086487000124, 32.625240326000153 ], [ 71.161392212000123, 32.626621246000184 ], [ 71.160552979000045, 32.627700806000178 ], [ 71.15976715100004, 32.629428864000147 ], [ 71.159080505000077, 32.630901337000012 ], [ 71.157836914000143, 32.633060455000134 ], [ 71.157058716000051, 32.636211395000089 ], [ 71.156562805000135, 32.637889862000122 ], [ 71.156288147000168, 32.640758514000026 ], [ 71.155952453999987, 32.642799377000188 ], [ 71.155456543000071, 32.645339966000165 ], [ 71.155158997000171, 32.646648407000157 ], [ 71.155059814000026, 32.647941589000027 ], [ 71.156661987000177, 32.649749756000176 ], [ 71.157707214000084, 32.651859283000192 ], [ 71.155723572000056, 32.652278900000169 ], [ 71.15387725800008, 32.6519813540001 ], [ 71.151962280000077, 32.651119232000156 ], [ 71.149726868000016, 32.651538849000133 ], [ 71.148406982000097, 32.652011871000013 ], [ 71.14782714800009, 32.654491425 ], [ 71.147918701000094, 32.656009674000131 ], [ 71.147872925000058, 32.657859802000075 ], [ 71.148162842000147, 32.659290314000145 ], [ 71.155738831000178, 32.673110962000067 ], [ 71.157241821000184, 32.675109863000159 ], [ 71.154449463000105, 32.674369812000123 ], [ 71.152236938000044, 32.673648834000176 ], [ 71.150886536000087, 32.67343902600004 ], [ 71.149673462000067, 32.673610687000121 ], [ 71.14766693100006, 32.674659729000041 ], [ 71.146697998000093, 32.675670624000134 ], [ 71.144676208000135, 32.677429199000017 ], [ 71.142692566000107, 32.678539276000151 ], [ 71.140953064000087, 32.679729462000012 ], [ 71.139938354000151, 32.681598663000045 ], [ 71.140007019000052, 32.683021545000031 ], [ 71.138816833000192, 32.686229706000177 ], [ 71.137657166000054, 32.687740326000096 ], [ 71.136550903000114, 32.689369202000023 ], [ 71.136077881000062, 32.691040038999972 ], [ 71.13536834700011, 32.69247818000008 ], [ 71.13401794400005, 32.694839478000063 ], [ 71.134490967000033, 32.697509766000167 ], [ 71.136337280000077, 32.70235061600016 ], [ 71.136970520000091, 32.704128265000065 ], [ 71.137657166000054, 32.705699921000075 ], [ 71.137916565000126, 32.707599640000126 ], [ 71.13954925500019, 32.707489014000032 ], [ 71.139885355000104, 32.708830141000078 ], [ 71.141242981000175, 32.710319519 ], [ 71.142616272000055, 32.710689545000093 ], [ 71.142935815000101, 32.713465234000125 ], [ 71.143966675000115, 32.722419739000031 ], [ 71.143302917000085, 32.723808288999976 ], [ 71.142433167000092, 32.725959778000117 ], [ 71.14218902600004, 32.727359772000113 ], [ 71.142051697000113, 32.728599548000034 ], [ 71.141250610000043, 32.73007965100004 ], [ 71.139556885000104, 32.732360840000013 ], [ 71.138732910000044, 32.733371735000105 ], [ 71.136932373000036, 32.734939575000169 ], [ 71.135932922000052, 32.735668182000097 ], [ 71.134536743000069, 32.736560822000058 ], [ 71.132606506000116, 32.73802948000008 ], [ 71.132117561000086, 32.739165164000099 ], [ 71.131881714000031, 32.739711761000137 ], [ 71.131393433000028, 32.740810394000164 ], [ 71.130050659000119, 32.742439270000091 ], [ 71.123252869000112, 32.749858856000117 ], [ 71.121673584000064, 32.75220871 ], [ 71.122962952000194, 32.753948212000068 ], [ 71.123649597000053, 32.754688263000105 ], [ 71.124351501000035, 32.756420135000042 ], [ 71.124656677000075, 32.757148743000073 ], [ 71.124702454000044, 32.758071899000072 ], [ 71.124603271000069, 32.759689331000175 ], [ 71.124481201000094, 32.760150909000174 ], [ 71.124122620000037, 32.761661530000026 ], [ 71.12323761000016, 32.76306915300006 ], [ 71.122726440000122, 32.763851166000165 ], [ 71.122261047000109, 32.764801025000168 ], [ 71.121032715000069, 32.769699097000057 ], [ 71.120697021000183, 32.770740509000063 ], [ 71.120567322, 32.772830963000047 ], [ 71.121047974000192, 32.77384948700012 ], [ 71.12111663800016, 32.775051117000032 ], [ 71.120140076000041, 32.777111053000112 ], [ 71.119033813000044, 32.778148650999981 ], [ 71.117652893000184, 32.779518127000188 ], [ 71.116012573000035, 32.781600952000076 ], [ 71.115463257000044, 32.782489777000023 ], [ 71.114761353000063, 32.784221649000131 ], [ 71.114578247000168, 32.785030365000068 ], [ 71.114501953000058, 32.786991119000106 ], [ 71.114303589000031, 32.788631439000142 ], [ 71.113723755000194, 32.789920807000044 ], [ 71.113410950000116, 32.790378571000076 ], [ 71.111686707000047, 32.792129517000035 ], [ 71.111457825000116, 32.792678833000025 ], [ 71.111129761000143, 32.793010712000182 ], [ 71.110671997000111, 32.793170929000041 ], [ 71.109909058000085, 32.793590546000189 ], [ 71.108963013000107, 32.794269562000068 ], [ 71.108718872000054, 32.795021057000156 ], [ 71.108459473000153, 32.804180145000032 ], [ 71.108512878000056, 32.80559158300008 ], [ 71.107933044000049, 32.806709290000128 ], [ 71.107383728000059, 32.807651520000093 ], [ 71.106742859000065, 32.808490753000171 ], [ 71.105598450000116, 32.80952835100004 ], [ 71.106506348000096, 32.809631348000153 ], [ 71.110290527000132, 32.810031891000165 ], [ 71.114662170000088, 32.809558868000181 ], [ 71.11830902100013, 32.807689667000147 ], [ 71.122138977000134, 32.806228638000164 ], [ 71.12557220500014, 32.806491852000079 ], [ 71.129882812, 32.807338715000071 ], [ 71.13211822500017, 32.808799744000055 ], [ 71.133689880000077, 32.811000824000132 ], [ 71.132812500000114, 32.81650924700017 ], [ 71.133346558000085, 32.819931030000021 ], [ 71.133613586000138, 32.822319031000177 ], [ 71.133293152000135, 32.825141907000159 ], [ 71.133018494000112, 32.827381134000063 ], [ 71.133750916000167, 32.832950592000088 ], [ 71.135719299000016, 32.836109161000024 ], [ 71.136466980000193, 32.837680817000034 ], [ 71.136940002000074, 32.840549469000109 ], [ 71.137028536000116, 32.841819790000102 ], [ 71.137168884000175, 32.848209381000061 ], [ 71.137252807999971, 32.851810455000134 ], [ 71.137458801000093, 32.85615158100012 ], [ 71.138046265000185, 32.859981537000124 ], [ 71.138748169000166, 32.862831116000109 ], [ 71.141410828000119, 32.865470886000026 ], [ 71.142753601000095, 32.868389130000082 ], [ 71.143173218000129, 32.870960235999974 ], [ 71.143348694000053, 32.874721527000077 ], [ 71.143630981000058, 32.880001068000183 ], [ 71.144073486000195, 32.883541107000099 ], [ 71.144927979000101, 32.888050079000095 ], [ 71.143898010000044, 32.889831543000071 ], [ 71.143013000000167, 32.890640259 ], [ 71.1415863040001, 32.894069672000171 ], [ 71.141113281000116, 32.897159576000035 ], [ 71.141792297000165, 32.901371002000133 ], [ 71.142036438000048, 32.905960082999968 ], [ 71.141296387000182, 32.911510468000131 ], [ 71.14227294900013, 32.917409897000027 ], [ 71.142356873000153, 32.917999268000187 ], [ 71.142776489000084, 32.921379089000141 ], [ 71.143913269000166, 32.925590515000067 ], [ 71.14559936500001, 32.928550720000146 ], [ 71.14826965300017, 32.931728363000104 ], [ 71.151672363000159, 32.935039520000032 ], [ 71.155326843000182, 32.937519073000146 ], [ 71.158592224000131, 32.940418243000181 ], [ 71.159561157000098, 32.941711426000154 ], [ 71.159950256, 32.943729401000041 ], [ 71.15911102300015, 32.944999695000035 ], [ 71.159118652000132, 32.947921753 ], [ 71.160301208000135, 32.950489044000051 ], [ 71.163612366000166, 32.956699371000127 ], [ 71.165489197000113, 32.960201263000158 ], [ 71.16887664800015, 32.96335983299997 ], [ 71.171928406000063, 32.96429061900011 ], [ 71.174720764000028, 32.965869904000101 ], [ 71.176879883000026, 32.967288971000187 ], [ 71.180763245000037, 32.969650269000169 ], [ 71.184913635000044, 32.972480774000132 ], [ 71.186632295000152, 32.974077435000027 ], [ 71.187316895000095, 32.97436142000015 ], [ 71.188636780000195, 32.975528717000032 ], [ 71.189956665000068, 32.975990295000031 ], [ 71.191802979000045, 32.976724625000031 ], [ 71.193298340000069, 32.976921082000047 ], [ 71.195579529000042, 32.977230072000168 ], [ 71.19740295400004, 32.977600098000096 ], [ 71.20163726800007, 32.977390289000027 ], [ 71.206062317000033, 32.977748871000017 ], [ 71.211250305000078, 32.978939056000172 ], [ 71.215820312000119, 32.979888916000107 ], [ 71.218200684000067, 32.980541229000153 ], [ 71.219551086000081, 32.981098175000056 ], [ 71.222000122000054, 32.983188629000153 ], [ 71.222900391000167, 32.984889984000176 ], [ 71.225021362000064, 32.987728119000053 ], [ 71.22765350300017, 32.98825073200004 ], [ 71.230438232000097, 32.989940643000182 ], [ 71.232429503999981, 32.991539001000092 ], [ 71.23384857200017, 32.992858887000068 ], [ 71.235137939000197, 32.993770599000186 ], [ 71.235977172999981, 32.99528884900019 ], [ 71.237739563000162, 32.997020721000126 ], [ 71.239471436000031, 32.996181488000047 ], [ 71.241386414000033, 32.994689941000047 ], [ 71.242057800000111, 32.99477005000017 ], [ 71.242538452000133, 32.995330811000088 ], [ 71.243057251000153, 32.995899200000167 ], [ 71.243766785000048, 32.99702835100004 ], [ 71.244308472, 32.998889923000092 ], [ 71.250030518000074, 33.000289917000089 ], [ 71.250473022000108, 33.000030518000017 ], [ 71.25106811500001, 32.99969863900003 ], [ 71.251937866000162, 32.999401093000074 ], [ 71.253219604000151, 32.99879074100005 ], [ 71.254867554000043, 32.998210907000043 ], [ 71.256309509000118, 32.998279572000115 ], [ 71.257469177000132, 32.998699187999989 ], [ 71.258972168000071, 32.99945068400018 ], [ 71.259918213000049, 32.999889374000077 ], [ 71.260330200000169, 33.000179291000165 ], [ 71.262939453000115, 33.001041412000177 ], [ 71.265663147000055, 33.001808167000149 ], [ 71.26957702600015, 33.002948760999971 ], [ 71.272377014000028, 33.00365066500018 ], [ 71.27607727100019, 33.004638672000112 ], [ 71.280616759999987, 33.005851746000133 ], [ 71.284713745000147, 33.006771088000164 ], [ 71.288726806999989, 33.007930756000178 ], [ 71.293716431, 33.009338379000042 ], [ 71.297630310000102, 33.010768890000179 ], [ 71.300636292000149, 33.011631012000123 ], [ 71.302848816000051, 33.012409209999987 ], [ 71.306121826000151, 33.013149261000024 ], [ 71.310028076000094, 33.014221191000104 ], [ 71.313827515000128, 33.015510559000177 ], [ 71.315483093000125, 33.01613998400012 ], [ 71.318237305000139, 33.016700745000094 ], [ 71.318046570000035, 33.013309479000156 ], [ 71.317436218000182, 33.011188507000156 ], [ 71.317199707000043, 33.009178162000183 ], [ 71.316757202000133, 33.006809235000048 ], [ 71.317543030000138, 33.002319336000028 ], [ 71.320106506000172, 33.001148224000133 ], [ 71.32171630900001, 33.000141144000111 ], [ 71.322509766000053, 32.999488831000065 ], [ 71.323013306000121, 32.999080658000139 ], [ 71.323738098000092, 32.998661041000162 ], [ 71.325042725000117, 32.99795913700018 ], [ 71.326843262000125, 32.996978760000104 ], [ 71.329437256000176, 32.995780945000035 ], [ 71.33167266800001, 32.994949341000165 ], [ 71.335472107000101, 32.993591309000067 ], [ 71.337837219, 32.992420197000172 ], [ 71.340583801000093, 32.99158096300016 ], [ 71.343681335000042, 32.991348267000092 ], [ 71.351890564000087, 32.990859985000043 ], [ 71.355300903000057, 32.990798950000055 ], [ 71.357231140000181, 32.991409302000079 ], [ 71.358253479000098, 32.992061615000182 ], [ 71.359382629000095, 32.992820740000184 ], [ 71.361701965000179, 32.994720459000064 ], [ 71.363487244000169, 32.996059418000073 ], [ 71.364837646000183, 32.997219086000143 ], [ 71.366737366000166, 32.998859406000122 ], [ 71.368347168000128, 33.000036240000156 ], [ 71.36979675300006, 33.001319885000044 ], [ 71.371276855000133, 33.002529144000164 ], [ 71.3743667600001, 33.004718781000065 ], [ 71.375923157000159, 33.005790710000042 ], [ 71.377639771000077, 33.003929138000046 ], [ 71.379753113000163, 33.002830505000134 ], [ 71.382118225000113, 33.001430511000137 ], [ 71.385078430000135, 32.99908828700012 ], [ 71.386581421000074, 32.999080658000139 ], [ 71.387863159000062, 32.99934005700004 ], [ 71.38905334500015, 32.999580383000193 ], [ 71.390678406000063, 33.000339508000025 ], [ 71.392906189000087, 33.000900269000169 ], [ 71.396026611000138, 33.00202941900011 ], [ 71.398429871000076, 33.003459930000076 ], [ 71.401008606000175, 33.005378723000149 ], [ 71.404281616000105, 33.007141113000102 ], [ 71.405502319000107, 33.010360718000129 ], [ 71.407516479000151, 33.00938034100011 ], [ 71.410057068000128, 33.008659363000163 ], [ 71.41364288300008, 33.008289337000122 ], [ 71.416496277000078, 33.007629395000038 ], [ 71.419418335000103, 33.006031036000024 ], [ 71.421127319000107, 33.004608154000096 ], [ 71.422836303999986, 33.003570557000103 ], [ 71.426368713000159, 33.003070831000173 ], [ 71.428298950000055, 33.003200531000061 ], [ 71.432212830000083, 33.004001617000085 ], [ 71.434761047000165, 33.005210876000035 ], [ 71.436576843000125, 33.006511687999989 ], [ 71.43835332000009, 33.00740326600004 ], [ 71.438606262000064, 33.007530212000063 ], [ 71.442077637000182, 33.009460449000187 ], [ 71.444358826000155, 33.011161803999983 ], [ 71.446273804000157, 33.012329102000137 ], [ 71.44835662800017, 33.013290405000191 ], [ 71.451377869000169, 33.014801025000111 ], [ 71.453987122000115, 33.016498566000166 ], [ 71.456268311000144, 33.018760681000174 ], [ 71.45829772899998, 33.021080017000031 ], [ 71.459230182000169, 33.022619392000138 ], [ 71.45958709700011, 33.023208618000069 ], [ 71.461196899000072, 33.027549744000055 ], [ 71.462966919000166, 33.030200958000194 ], [ 71.46307373000019, 33.03261947600015 ], [ 71.463180542000146, 33.034690856999987 ], [ 71.463966370000151, 33.039009094000164 ], [ 71.465133667000032, 33.041679382000098 ], [ 71.467086792000032, 33.044300079000152 ], [ 71.468940735000047, 33.044689178000112 ], [ 71.47238159200009, 33.045539856000175 ], [ 71.47466278100012, 33.046199799000135 ], [ 71.476097107000101, 33.048149109000121 ], [ 71.474739075, 33.049499512000011 ], [ 71.472210042000142, 33.050446113000135 ], [ 71.469627380000134, 33.051528931000178 ], [ 71.468032837000067, 33.053470612000183 ], [ 71.466629028, 33.055671692000033 ], [ 71.463340759000175, 33.059631348000096 ], [ 71.460960388000103, 33.061111450000169 ], [ 71.460296631000176, 33.062820435000049 ], [ 71.460350037000183, 33.065158844 ], [ 71.460792542000092, 33.067050934000065 ], [ 71.461082458000078, 33.068820953000056 ], [ 71.459686279000152, 33.069869994999976 ], [ 71.456047058000195, 33.06990051300005 ], [ 71.453659058000142, 33.069229125999982 ], [ 71.451263428000175, 33.068199158000027 ], [ 71.448860168000124, 33.067298889000085 ], [ 71.446739197000056, 33.066600800000117 ], [ 71.4443206790001, 33.066989899000077 ], [ 71.441383362000181, 33.069099426000093 ], [ 71.441772461000141, 33.071559906000118 ], [ 71.441329956, 33.074291229000039 ], [ 71.440193176000093, 33.072559357000102 ], [ 71.43835332000009, 33.072541597000054 ], [ 71.438217163000104, 33.072540283000137 ], [ 71.436088562000123, 33.073978424000188 ], [ 71.433242798000038, 33.076808929000038 ], [ 71.432136535999973, 33.078689575000169 ], [ 71.429573059000063, 33.079730988000108 ], [ 71.427871704000097, 33.082790375 ], [ 71.427215576000151, 33.085615158000053 ], [ 71.426132202000019, 33.088260651000041 ], [ 71.426170349000074, 33.090141296000127 ], [ 71.424896240000066, 33.091888428000061 ], [ 71.423263550000172, 33.093261719000111 ], [ 71.423492432000103, 33.093837738000047 ], [ 71.42397215900013, 33.095009195000102 ], [ 71.42591095, 33.097980499000073 ], [ 71.42817688000008, 33.100448608000136 ], [ 71.429656981999983, 33.102260590000128 ], [ 71.431907654000042, 33.104850769000109 ], [ 71.433006287000126, 33.106899261000137 ], [ 71.433372498000097, 33.108669281000061 ], [ 71.433296204000044, 33.11167907700019 ], [ 71.434432983000193, 33.113121033000141 ], [ 71.436782837000123, 33.115459442000088 ], [ 71.437670511000192, 33.116784090000067 ], [ 71.438262939000197, 33.117668152000022 ], [ 71.440597534000176, 33.12007904100011 ], [ 71.443153381000172, 33.11985015900018 ], [ 71.44547271700003, 33.119380951000096 ], [ 71.447219849000192, 33.120491028 ], [ 71.448249817000146, 33.122348785000156 ], [ 71.449560600000154, 33.125973061000025 ], [ 71.45229339600013, 33.13019943200004 ], [ 71.450172424000129, 33.131420135000042 ], [ 71.448570251000035, 33.13267898600003 ], [ 71.448738098000149, 33.134559631000116 ], [ 71.447212219000107, 33.135940552000079 ], [ 71.44547271700003, 33.136901855000076 ], [ 71.443077087000063, 33.138118744000167 ], [ 71.441253662000122, 33.139419556000121 ], [ 71.441009521000069, 33.142250061000141 ], [ 71.441802979000158, 33.146488190000071 ], [ 71.441802979000158, 33.150749207000104 ], [ 71.439132690000122, 33.152301788000045 ], [ 71.436759949000191, 33.153961181999989 ], [ 71.43546295200008, 33.155288696000071 ], [ 71.433113098000149, 33.158821106000119 ], [ 71.432807922000109, 33.160720825 ], [ 71.433021545000145, 33.164058685000157 ], [ 71.432067871000072, 33.165550232000044 ], [ 71.431503296000187, 33.168689728000061 ], [ 71.431228638, 33.170639038000047 ], [ 71.430496216000165, 33.173011780000081 ], [ 71.431632996000076, 33.175228119000053 ], [ 71.434608459000174, 33.177238464000084 ], [ 71.43576049800015, 33.179080963 ], [ 71.435997009000118, 33.181018829000095 ], [ 71.434341431000064, 33.182880402000023 ], [ 71.432601929000043, 33.183849335 ], [ 71.429939270000091, 33.184211731000175 ], [ 71.42765045200008, 33.184040070000094 ], [ 71.424896240000066, 33.182781219000105 ], [ 71.422538757000154, 33.182609558000024 ], [ 71.420997620000094, 33.183498383000085 ], [ 71.419021606000058, 33.185409546000074 ], [ 71.417472839000027, 33.187099457000159 ], [ 71.415412903000117, 33.18751907300009 ], [ 71.413253784000119, 33.187728882000101 ], [ 71.410873413000047, 33.188880920000031 ], [ 71.409629822000113, 33.190299988000049 ], [ 71.4070434570001, 33.193809509000062 ], [ 71.408508301000154, 33.196098328000176 ], [ 71.40894317600015, 33.199779510000099 ], [ 71.410400391000167, 33.201908112000183 ], [ 71.411003113000163, 33.204090118000067 ], [ 71.409240723000153, 33.20700073200004 ], [ 71.41104126, 33.209190369000112 ], [ 71.412452698000095, 33.21068954500015 ], [ 71.414169312000183, 33.214469910000048 ], [ 71.412918091000108, 33.215831756999989 ], [ 71.411773682000046, 33.219070435000106 ], [ 71.41348266600005, 33.221641541000054 ], [ 71.414489746000072, 33.223281860000156 ], [ 71.415992737000181, 33.22549057000009 ], [ 71.417762756000172, 33.226791382000101 ], [ 71.419288634999987, 33.225681305000137 ], [ 71.42165374800004, 33.22615051300005 ], [ 71.424087524000129, 33.227458954000042 ], [ 71.426727295000148, 33.226669312000126 ], [ 71.430847168000071, 33.229209900000171 ], [ 71.431022644, 33.231578827000135 ], [ 71.43282318100006, 33.234951019000107 ], [ 71.433532715000126, 33.236679077000076 ], [ 71.43493652300009, 33.238689423000153 ], [ 71.437171936000084, 33.239891052000189 ], [ 71.4402465820001, 33.23836135900018 ], [ 71.442703247000054, 33.239151001000153 ], [ 71.444580078000172, 33.240428925 ], [ 71.444938660000162, 33.240142822000053 ], [ 71.445785522000108, 33.238399506000064 ], [ 71.444175720000089, 33.235931396000126 ], [ 71.446311951000041, 33.233600616 ], [ 71.447113037000065, 33.231811523000033 ], [ 71.445289612000067, 33.230899811000086 ], [ 71.443916321000074, 33.229679108000084 ], [ 71.442832947000113, 33.227241516 ], [ 71.444801331000122, 33.226188660000105 ], [ 71.448211670000092, 33.225360870000031 ], [ 71.449142456000175, 33.223770142000035 ], [ 71.449371338000105, 33.220970154000156 ], [ 71.452369690000069, 33.219779968000125 ], [ 71.454650879000042, 33.219528198000035 ], [ 71.457580566000104, 33.219619751000096 ], [ 71.461578369, 33.219379425000113 ], [ 71.464332581000178, 33.218910216999973 ], [ 71.469917297000052, 33.218448638999973 ], [ 71.472869873000093, 33.217819214000031 ], [ 71.477043152000135, 33.216850281000063 ], [ 71.478523254000038, 33.215660095000032 ], [ 71.480621338000105, 33.21456909200009 ], [ 71.482383728000059, 33.214611053000112 ], [ 71.484306335000099, 33.214900970000031 ], [ 71.488487244000055, 33.215961456000173 ], [ 71.491912841999977, 33.215869904000044 ], [ 71.492691040000068, 33.213581085000158 ], [ 71.491203308000081, 33.210510254000155 ], [ 71.490119934000177, 33.208469391000165 ], [ 71.491203308000081, 33.206550598000092 ], [ 71.494079590000013, 33.206939697000053 ], [ 71.496650696000131, 33.207489014000089 ], [ 71.499046326000098, 33.207199097 ], [ 71.500892639000028, 33.207580566000047 ], [ 71.501342773000147, 33.205509186000086 ], [ 71.499786377000135, 33.203990936000025 ], [ 71.49997711200001, 33.199611664000088 ], [ 71.502090454000097, 33.199100494000049 ], [ 71.505416869999976, 33.198600769 ], [ 71.507881165000072, 33.199741364000147 ], [ 71.511077881000062, 33.199241638000046 ], [ 71.513442993000183, 33.19828033400006 ], [ 71.517822266000053, 33.197139740000182 ], [ 71.521270752000078, 33.19773101800007 ], [ 71.523826599000074, 33.20022964500015 ], [ 71.524688721000189, 33.202060699000128 ], [ 71.523773193000125, 33.20389175400004 ], [ 71.522392273000094, 33.205039978000173 ], [ 71.520393372000171, 33.204650879000042 ], [ 71.518966675000115, 33.206531525 ], [ 71.518112183000142, 33.208450317000143 ], [ 71.516250610000043, 33.211719513000105 ], [ 71.515609741000048, 33.213550568000187 ], [ 71.515060425000058, 33.215358734000063 ], [ 71.51614379900019, 33.217220306000058 ], [ 71.519050598000092, 33.216751099000078 ], [ 71.523178101000099, 33.218238831000065 ], [ 71.527107239000088, 33.220180511000137 ], [ 71.532707214000084, 33.223079681000172 ], [ 71.53608703600014, 33.224639893000131 ], [ 71.541496277000135, 33.226459503000058 ], [ 71.54662323000008, 33.227710724000133 ], [ 71.552902222000171, 33.228519440000071 ], [ 71.555976868000187, 33.227340698000035 ], [ 71.556106567000029, 33.223991394000052 ], [ 71.557716370000094, 33.221038818000181 ], [ 71.559806824000191, 33.22040176400003 ], [ 71.564247131000172, 33.217060089000029 ], [ 71.567993164000029, 33.213691711000024 ], [ 71.572593689000087, 33.209140778000176 ], [ 71.57498168900014, 33.206489563000105 ], [ 71.576171875000057, 33.204959869 ], [ 71.577476501000149, 33.202999115000125 ], [ 71.582626343000129, 33.198101044000168 ], [ 71.586692810000045, 33.195350647000055 ], [ 71.590988159000062, 33.192329407000159 ], [ 71.596008301000154, 33.189529419000166 ], [ 71.599800110000103, 33.187419891000047 ], [ 71.602531433000195, 33.184219360000156 ], [ 71.602012634000175, 33.18196106 ], [ 71.601623535000044, 33.178379059000179 ], [ 71.600700378000113, 33.173919678000061 ], [ 71.599571228000173, 33.169960022 ], [ 71.598396301000037, 33.167270660000099 ], [ 71.59841918900014, 33.164878845000146 ], [ 71.599189758000193, 33.162540436000029 ], [ 71.59963226300016, 33.159088135000104 ], [ 71.60043335000006, 33.154388428000175 ], [ 71.600929260000044, 33.149600983000141 ], [ 71.601760864000141, 33.144359589000032 ], [ 71.602149963000102, 33.140769958000135 ], [ 71.602729797000109, 33.136230469000168 ], [ 71.603012084999989, 33.133258820000037 ], [ 71.604927063000162, 33.13124084500015 ], [ 71.607231140000124, 33.131309509000118 ], [ 71.608840942000086, 33.129989624000075 ], [ 71.611808777000078, 33.125831604000098 ], [ 71.613380432000156, 33.123649597000167 ], [ 71.615829468000129, 33.121620178000171 ], [ 71.616691589000141, 33.11988067600015 ], [ 71.619476318000068, 33.116348266999978 ], [ 71.621551513999975, 33.113231659000064 ], [ 71.622772217000033, 33.111938476999967 ], [ 71.626380920000088, 33.107818604000101 ], [ 71.626871578000191, 33.106983077000166 ], [ 71.628128052000022, 33.105430603000116 ], [ 71.629737853999984, 33.10309982299998 ], [ 71.632072449000191, 33.098320007000098 ], [ 71.632186890000128, 33.095111847000055 ], [ 71.631828308000138, 33.092578888000162 ], [ 71.63382720900006, 33.088069916000165 ], [ 71.637260437000066, 33.085491180000133 ], [ 71.64100647000015, 33.083301544000108 ], [ 71.644477844000107, 33.081401825000057 ], [ 71.647201538000047, 33.079719543000124 ], [ 71.650680542000146, 33.078250885000102 ], [ 71.653816223000149, 33.076171875000057 ], [ 71.658203125000057, 33.073490143000015 ], [ 71.66397857700008, 33.072078705000138 ], [ 71.670036316000107, 33.071281433000081 ], [ 71.67429351800007, 33.070919037000124 ], [ 71.677757263000046, 33.069919586000083 ], [ 71.681922913000108, 33.068248749000134 ], [ 71.684013367000091, 33.06692886400009 ], [ 71.685707092000143, 33.066120148000152 ], [ 71.688743591000105, 33.064338684000177 ], [ 71.692649841000048, 33.062641144000054 ], [ 71.697357178000061, 33.061939240000072 ], [ 71.703582764000032, 33.06118011500007 ], [ 71.709663391000163, 33.060909271000014 ], [ 71.713729858000079, 33.060241699000073 ], [ 71.716697693000071, 33.059989928999983 ], [ 71.718482971000128, 33.05982971200018 ], [ 71.718086243000187, 33.060760498000093 ], [ 71.717376709000121, 33.062988281000116 ], [ 71.716026306000174, 33.06723022500006 ], [ 71.714859009000179, 33.071620941000106 ], [ 71.714202881000062, 33.075180054000157 ], [ 71.714057922000052, 33.077030182000101 ], [ 71.713363647000051, 33.083068848000039 ], [ 71.712867737000067, 33.087848663000045 ], [ 71.712463378999985, 33.090629578000176 ], [ 71.712158203000172, 33.093509674000074 ], [ 71.711547852000194, 33.102260590000128 ], [ 71.713859558000138, 33.112018585000044 ], [ 71.719001769999977, 33.119781494000108 ], [ 71.724540710000156, 33.125839233000136 ], [ 71.731170654000039, 33.130649567000034 ], [ 71.735588074000134, 33.133731842000088 ], [ 71.741867065000179, 33.138309479000043 ], [ 71.746238708000135, 33.141929626000149 ], [ 71.747886658000198, 33.144100189000085 ], [ 71.748916626000153, 33.145988464000084 ], [ 71.749397278000174, 33.147129059000065 ], [ 71.750137328999983, 33.147838593000131 ], [ 71.751937866000048, 33.150508881000121 ], [ 71.752723694000053, 33.152130127000135 ], [ 71.753791809000063, 33.15385055500019 ], [ 71.755813599000192, 33.157100677000187 ], [ 71.757331848000092, 33.160789490000127 ], [ 71.758262634000062, 33.164188385000045 ], [ 71.759147644000052, 33.167129517000035 ], [ 71.760116577000019, 33.17044067400019 ], [ 71.760696411000083, 33.173179626000149 ], [ 71.760932922000165, 33.177211761000081 ], [ 71.761108398000147, 33.180278778000059 ], [ 71.761299133000193, 33.182670593000182 ], [ 71.76141357400013, 33.185470581000061 ], [ 71.761039734000121, 33.187900543000183 ], [ 71.760276794000049, 33.190429687 ], [ 71.759376525999983, 33.193420410000101 ], [ 71.758560181000064, 33.196071625000172 ], [ 71.756958008000083, 33.199031830000081 ], [ 71.756717841000011, 33.19967919200019 ], [ 71.755836487000124, 33.202041626000039 ], [ 71.755126953, 33.204681396000183 ], [ 71.754203796000127, 33.206901550000168 ], [ 71.753059387000178, 33.208831787000122 ], [ 71.751983643000187, 33.210720062000121 ], [ 71.74996948200004, 33.212741852000079 ], [ 71.748542786000144, 33.213939667000147 ], [ 71.746002197000166, 33.216239929000039 ], [ 71.743156433000081, 33.218811035000158 ], [ 71.741569519000052, 33.220340729000043 ], [ 71.7396011350001, 33.221820831000116 ], [ 71.736907959000177, 33.224590302000024 ], [ 71.733726501000035, 33.226890564000087 ], [ 71.73088073700012, 33.229290009000124 ], [ 71.728347778000057, 33.231040955000083 ], [ 71.725143433000028, 33.233409882000046 ], [ 71.72221374500009, 33.235870361000138 ], [ 71.719207763999975, 33.238559723000094 ], [ 71.716552734000061, 33.241241455000079 ], [ 71.713859558000138, 33.244869232000156 ], [ 71.712829590000183, 33.246650696000131 ], [ 71.711906433000081, 33.248340607000046 ], [ 71.711799622000058, 33.2501297 ], [ 71.709831238000106, 33.252449036000087 ], [ 71.708473206000178, 33.255371094000111 ], [ 71.708839416999979, 33.259040833000029 ], [ 71.70948028600003, 33.262161255000137 ], [ 71.708923340000126, 33.265838623000093 ], [ 71.70812225300017, 33.270709991000103 ], [ 71.707237244000055, 33.275051117000146 ], [ 71.706207275000168, 33.277389526000093 ], [ 71.705741882000154, 33.280021667000142 ], [ 71.705352783000194, 33.282218933000081 ], [ 71.705093384000122, 33.28490829499998 ], [ 71.706596375000061, 33.288238525000054 ], [ 71.707862854000098, 33.289440155000136 ], [ 71.71016693100006, 33.290878296000074 ], [ 71.712768555000196, 33.292350769000109 ], [ 71.715682983000136, 33.294521332000045 ], [ 71.718193054000039, 33.296020508000083 ], [ 71.72039794900013, 33.297000885000102 ], [ 71.722328186000084, 33.299221039000145 ], [ 71.724319458000139, 33.30199050900012 ], [ 71.726249695000092, 33.304859161000138 ], [ 71.729072571000074, 33.310108185000161 ], [ 71.730361938000101, 33.315921783000135 ], [ 71.730377197000166, 33.318130493000069 ], [ 71.730422974000135, 33.324359894000111 ], [ 71.730003357000157, 33.32619094800009 ], [ 71.72881317100007, 33.329570770000146 ], [ 71.727241516000163, 33.333980560000157 ], [ 71.726089478000063, 33.335300446000076 ], [ 71.723775928000123, 33.336844521000046 ], [ 71.723220825000112, 33.33731079100005 ], [ 71.721160889000032, 33.33769989000001 ], [ 71.718238831, 33.337448120000147 ], [ 71.71621704100005, 33.337711334000062 ], [ 71.714653015000181, 33.33898925800014 ], [ 71.715316772000108, 33.340831757000103 ], [ 71.71652221700009, 33.343189240000186 ], [ 71.717754859000138, 33.344713523000109 ], [ 71.719253540000068, 33.346851349000076 ], [ 71.719856262000178, 33.348621368000067 ], [ 71.720642090000183, 33.351108551000038 ], [ 71.724769592000087, 33.354660034000176 ], [ 71.727081299000133, 33.356819153 ], [ 71.729782104000037, 33.359420776000093 ], [ 71.732719421000184, 33.362411499000189 ], [ 71.735649109000121, 33.36545181300005 ], [ 71.743896484000118, 33.367740631000061 ], [ 71.747077942000089, 33.369411469000113 ], [ 71.750289917000032, 33.370399475000113 ], [ 71.754592896000133, 33.372501373000148 ], [ 71.759368896000069, 33.374961853000116 ], [ 71.761337280000077, 33.375968933000138 ], [ 71.762329102000081, 33.376468658000192 ], [ 71.766342163, 33.378700256000116 ], [ 71.773742676000097, 33.382740021000131 ], [ 71.776588440000182, 33.384109497000111 ], [ 71.78350067100007, 33.386848450000173 ], [ 71.786171657000068, 33.387823837000155 ], [ 71.787773132000154, 33.388408661000028 ], [ 71.792106628000056, 33.389778137000178 ], [ 71.795921326000041, 33.391601562000176 ], [ 71.80052948000008, 33.394100189000028 ], [ 71.805816650000054, 33.396800995000035 ], [ 71.807586336000099, 33.397893597000177 ], [ 71.810333252000191, 33.399589539000033 ], [ 71.815338135000104, 33.402050018000125 ], [ 71.819976807000046, 33.403690338000104 ], [ 71.824127197000109, 33.405319214000087 ], [ 71.828720093000129, 33.407470703000172 ], [ 71.832351685000049, 33.409141541000054 ], [ 71.835006714000087, 33.408901215000071 ], [ 71.837409973000092, 33.408161163000102 ], [ 71.841506958000082, 33.405941010000163 ], [ 71.84809112500011, 33.403919220000034 ], [ 71.851928711000198, 33.403240204000156 ], [ 71.853866577000133, 33.403488159000176 ], [ 71.857200623000153, 33.404479980000076 ], [ 71.859031677000132, 33.405941010000163 ], [ 71.8626480100001, 33.408470153999986 ], [ 71.865058899000189, 33.410251617000029 ], [ 71.866928101000099, 33.411750793000124 ], [ 71.870086670000092, 33.416519165000125 ], [ 71.870468140000185, 33.419109344000105 ], [ 71.870613098000092, 33.423851013000103 ], [ 71.869667053000057, 33.427120209000066 ], [ 71.868499756000062, 33.430500031000122 ], [ 71.868028089000177, 33.43199431000005 ], [ 71.866706848000035, 33.43618011500007 ], [ 71.866577148000147, 33.439399719 ], [ 71.866859436000198, 33.44242095900006 ], [ 71.867416382000101, 33.445018768000182 ], [ 71.868370056000117, 33.447200775000113 ], [ 71.869422913000108, 33.449981689000026 ], [ 71.874107361000142, 33.455150604000039 ], [ 71.876388550000115, 33.456439972000112 ], [ 71.880950928000118, 33.458190918000071 ], [ 71.886581421000187, 33.459728241000164 ], [ 71.892898560000162, 33.461891174000129 ], [ 71.894828796000184, 33.463199615000121 ], [ 71.896186829000158, 33.464519501000098 ], [ 71.900360107000154, 33.469329834000121 ], [ 71.902603149000129, 33.473171234000176 ], [ 71.904418945000089, 33.476028442000143 ], [ 71.904693604000158, 33.478839874000073 ], [ 71.904914470000108, 33.480103158000134 ], [ 71.905197144000056, 33.481719971000075 ], [ 71.905990601000099, 33.48492050200008 ], [ 71.90776062000009, 33.485591888000044 ], [ 71.909812927000132, 33.486148834000119 ], [ 71.911506653000117, 33.486629486000083 ], [ 71.914482117000148, 33.487510681000117 ], [ 71.917602539000029, 33.488098145000038 ], [ 71.920059204000154, 33.488739014000032 ], [ 71.922859192000033, 33.489589691000162 ], [ 71.925270081000122, 33.490810394000164 ], [ 71.927116394, 33.492000580000081 ], [ 71.928550720000032, 33.493209839000031 ], [ 71.931259155000021, 33.496200562000126 ], [ 71.937812805000135, 33.499641418000067 ], [ 71.938789368000016, 33.500598907000153 ], [ 71.941169739000088, 33.502941132000046 ], [ 71.943511963000049, 33.504501343000129 ], [ 71.947380066000107, 33.507400513000164 ], [ 71.949676514000032, 33.509941101000038 ], [ 71.9517974850001, 33.512081146000128 ], [ 71.953460693000068, 33.513980865000178 ], [ 71.955566406000116, 33.516841888000044 ], [ 71.957672119000165, 33.51988983200016 ], [ 71.959938049000073, 33.523998260000099 ], [ 71.961868286000197, 33.527099609000118 ], [ 71.96349334700011, 33.530181885000047 ], [ 71.965652466000108, 33.533260345000031 ], [ 71.967086792000146, 33.536590576000151 ], [ 71.966453552000132, 33.541168213000105 ], [ 71.965156555000192, 33.544651031000114 ], [ 71.963676453000119, 33.548751831000175 ], [ 71.962409973000149, 33.549968719000105 ], [ 71.961870552, 33.550480578000133 ], [ 71.96066284200009, 33.551628113000106 ], [ 71.959480286000144, 33.552738190000014 ], [ 71.957771301000037, 33.55506897000015 ], [ 71.956680298000094, 33.559101105000082 ], [ 71.955032349000078, 33.561889648000147 ], [ 71.953948975000174, 33.564800262000119 ], [ 71.951988220000032, 33.570499420000033 ], [ 71.954246521000073, 33.574348450000173 ], [ 71.957321167000089, 33.576499939000087 ], [ 71.96066284200009, 33.578281403000062 ], [ 71.965408325000055, 33.579360962000123 ], [ 71.970268250000117, 33.58045959500015 ], [ 71.97499084500015, 33.583000183000081 ], [ 71.97660827600015, 33.584781647 ], [ 71.978370667000036, 33.586799622000115 ], [ 71.979370117000144, 33.589958191000051 ], [ 71.979980469000168, 33.594158173000096 ], [ 71.980438232000097, 33.598258972000053 ], [ 71.980056763000107, 33.603099823000093 ], [ 71.97972106900005, 33.604938507000156 ], [ 71.979408263999971, 33.608600616000047 ], [ 71.979057312000066, 33.611888885000042 ], [ 71.979522705000136, 33.616378784 ], [ 71.979522705000136, 33.619201660000158 ], [ 71.978767395000148, 33.622711182000103 ], [ 71.978996277000078, 33.625461578000113 ], [ 71.979499817000033, 33.629119873000036 ], [ 71.979530334000117, 33.631671906000065 ], [ 71.980659485000047, 33.633419037000124 ], [ 71.984199524000132, 33.637081146000185 ], [ 71.985771179000039, 33.639049530000136 ], [ 71.985786438000162, 33.642269135000163 ], [ 71.985122681, 33.644340515000124 ], [ 71.983726501000149, 33.64706039400005 ], [ 71.982002258000193, 33.651020050000113 ], [ 71.981643677000136, 33.653839111000025 ], [ 71.981506348000039, 33.656051636000029 ], [ 71.981216431000121, 33.659370422 ], [ 71.982162476000155, 33.66304016100014 ], [ 71.984268188000101, 33.66606903100012 ], [ 71.986640930000135, 33.668369293000183 ], [ 71.988693237000064, 33.670440674000076 ], [ 71.989868164000029, 33.672218323000152 ], [ 71.992172241000105, 33.674198151000041 ], [ 71.993896484000061, 33.675270081000065 ], [ 71.99548339800009, 33.676158905000079 ], [ 71.997627258000193, 33.67684936500018 ], [ 71.998970032000102, 33.69297409100011 ], [ 72.000839233000136, 33.700546265000128 ], [ 72.002807617000087, 33.708118439000145 ], [ 72.004989624000075, 33.712265015000014 ], [ 72.006858825999984, 33.714447021000069 ], [ 72.008003235000103, 33.715274811000029 ], [ 72.009323120000147, 33.71533966100003 ], [ 72.009992591000014, 33.714643933000048 ], [ 72.010256428000105, 33.714293793000024 ], [ 72.01076568700006, 33.71355415000005 ], [ 72.012107849000074, 33.713798523000094 ], [ 72.013389587000063, 33.71453857400013 ], [ 72.016113281, 33.716369628999985 ], [ 72.017549731000031, 33.717513737000161 ], [ 72.020217896000077, 33.720230103000063 ], [ 72.023246765000124, 33.723651886000084 ], [ 72.025199890000181, 33.72628021200012 ], [ 72.026977539000086, 33.72879028300008 ], [ 72.028221130000077, 33.731300354000041 ], [ 72.029571533000137, 33.732978821000074 ], [ 72.032173157000102, 33.735988617000032 ], [ 72.033973694000167, 33.737701416000107 ], [ 72.034690857000044, 33.739589691000106 ], [ 72.034973145000151, 33.741409302000136 ], [ 72.034881592000147, 33.743751526000096 ], [ 72.034812927000019, 33.745429993000187 ], [ 72.035476685000049, 33.748291016 ], [ 72.036109924000129, 33.750011444000108 ], [ 72.035713196000188, 33.750450134000118 ], [ 72.036552429000096, 33.751770020000095 ], [ 72.038002014000028, 33.75283050500019 ], [ 72.039787292000142, 33.753559113000051 ], [ 72.043632507000041, 33.754570007000041 ], [ 72.04885101300016, 33.755451202000017 ], [ 72.05232238800005, 33.755939484000123 ], [ 72.054496765000124, 33.757080078000172 ], [ 72.056838989000141, 33.757850647000055 ], [ 72.068878174000133, 33.759941101000038 ], [ 72.072090149000076, 33.762130737000177 ], [ 72.076271057000156, 33.764659882000103 ], [ 72.079269409000062, 33.768020629999967 ], [ 72.080001831000118, 33.770690918000128 ], [ 72.079292297, 33.772571564000145 ], [ 72.076759338000159, 33.775909424000076 ], [ 72.073768616000109, 33.780139923000092 ], [ 72.071761461000051, 33.782669348000184 ], [ 72.074127197000053, 33.784931183000026 ], [ 72.079116821000071, 33.787090302000081 ], [ 72.086128235000047, 33.787570953000113 ], [ 72.096122741999977, 33.785350800000174 ], [ 72.104988098000092, 33.78207016000016 ], [ 72.114402771000186, 33.779079437000064 ], [ 72.127983093000125, 33.774768829000095 ], [ 72.140403748000097, 33.771831512000176 ], [ 72.142413438000119, 33.771520482000028 ], [ 72.143592834000174, 33.771488190000184 ], [ 72.149223328000119, 33.771080017000088 ], [ 72.158042908000084, 33.769870758000138 ], [ 72.164489746000072, 33.768890381000119 ], [ 72.172897339000031, 33.76729965200019 ], [ 72.180038452000133, 33.76411056500001 ], [ 72.18273925800014, 33.762859344000162 ], [ 72.193000793000181, 33.762058258000138 ], [ 72.199928284000066, 33.763610840000183 ], [ 72.201820374000079, 33.764209747000052 ], [ 72.20284020500003, 33.764338372000111 ], [ 72.204040527000018, 33.764488220000089 ], [ 72.206909180000139, 33.765300751000098 ], [ 72.210586548000151, 33.766189575000112 ], [ 72.210906981999983, 33.76776123000019 ], [ 72.209877014000028, 33.769618988000047 ], [ 72.209167480000133, 33.771820068000125 ], [ 72.210083008000197, 33.773220062000121 ], [ 72.21222686800013, 33.773548126000094 ], [ 72.215118408000137, 33.773311615000182 ], [ 72.221710205000079, 33.770359039000084 ], [ 72.226272583000082, 33.767841339000142 ], [ 72.233177185000102, 33.764209747000052 ], [ 72.238891602000137, 33.762168884000062 ], [ 72.243711903000133, 33.761749451000071 ], [ 72.244049701000165, 33.762124696000114 ], [ 72.244789124000135, 33.762950897000167 ], [ 72.244918823000148, 33.763919830000134 ], [ 72.244789124000135, 33.764831543000184 ], [ 72.243522644000166, 33.767910004000044 ], [ 72.241607666000164, 33.770988464000027 ], [ 72.24073028600003, 33.772480011000084 ], [ 72.237953186000141, 33.778350830000079 ], [ 72.234947205000196, 33.784061432000101 ], [ 72.234298706000118, 33.78630828900009 ], [ 72.234596252000188, 33.791000366000105 ], [ 72.234748840000066, 33.792610168000067 ], [ 72.235496521000186, 33.797470093000129 ], [ 72.235862731999987, 33.799819946000127 ], [ 72.236038208000139, 33.802509308000026 ], [ 72.236312866000105, 33.805709839000087 ], [ 72.236839294000163, 33.810668945000089 ], [ 72.23709869400011, 33.81536102300015 ], [ 72.237358093000182, 33.81975936900011 ], [ 72.237510681, 33.823970795000037 ], [ 72.237953186000141, 33.827560425000058 ], [ 72.238349915000185, 33.831050873000038 ], [ 72.238326154999982, 33.838780457000098 ], [ 72.238082886000029, 33.840518951000035 ], [ 72.236839294000163, 33.845718384000065 ], [ 72.235946655000134, 33.850559235000162 ], [ 72.236930847, 33.854469299000186 ], [ 72.238059998000097, 33.856781006000062 ], [ 72.239056321000191, 33.861603480000099 ], [ 72.239433289000146, 33.862339020000036 ], [ 72.239906311000198, 33.866348267000035 ], [ 72.239143372, 33.869609833000084 ], [ 72.237030029000039, 33.873451233000083 ], [ 72.234657288000108, 33.877220154000099 ], [ 72.232246399000189, 33.881649017000029 ], [ 72.230789185000049, 33.888481140000124 ], [ 72.231536865000123, 33.891929626000035 ], [ 72.232757568000125, 33.894519806000119 ], [ 72.233757019000109, 33.899768828999981 ], [ 72.234527141000058, 33.900534999000172 ], [ 72.235733032000098, 33.901088715000128 ], [ 72.237052916999971, 33.901508331000059 ], [ 72.240043640000067, 33.903270721000183 ], [ 72.243499756000062, 33.905040741000107 ], [ 72.248992920000148, 33.907749176000095 ], [ 72.251060485999972, 33.908969879000153 ], [ 72.255081177000022, 33.91172027600004 ], [ 72.262290955000083, 33.915000916000054 ], [ 72.26811981200018, 33.917839050000055 ], [ 72.27580261200012, 33.92205810500019 ], [ 72.279945394000038, 33.924182271000063 ], [ 72.281791687000123, 33.925128937000068 ], [ 72.28639221200018, 33.92742919900013 ], [ 72.287117004000095, 33.927799225000058 ], [ 72.287925, 33.928246977000128 ], [ 72.291343689000144, 33.930141449000189 ], [ 72.29929351800007, 33.934410095000089 ], [ 72.305366516000163, 33.937320709 ], [ 72.309318542000142, 33.940208435000045 ], [ 72.315948486000195, 33.944171906000179 ], [ 72.319732666000107, 33.946758270000089 ], [ 72.32187652600004, 33.947879791000105 ], [ 72.323013306000121, 33.948150635000104 ], [ 72.325462341000161, 33.947490692000144 ], [ 72.328498840000123, 33.946590424000078 ], [ 72.331321716000105, 33.946041106999985 ], [ 72.333593839000059, 33.945306108000011 ], [ 72.334426880000194, 33.945178985999974 ], [ 72.338790894000113, 33.944171906000179 ], [ 72.340682983000079, 33.944988251000098 ], [ 72.346542358000193, 33.947078705000081 ], [ 72.351699829000154, 33.949180603000059 ], [ 72.354820251000092, 33.950298309000175 ], [ 72.358009338000045, 33.951450348000037 ], [ 72.362930298000094, 33.953338623000036 ], [ 72.366630553999983, 33.954681396000183 ], [ 72.368378457000119, 33.955353667000111 ], [ 72.368812561000141, 33.955520629999967 ], [ 72.371383667000089, 33.956321716 ], [ 72.373359680000078, 33.956871033000084 ], [ 72.375022888, 33.957408905000193 ], [ 72.378303528, 33.959671021000133 ], [ 72.378532410000105, 33.960868835000099 ], [ 72.378631592000147, 33.963668823000148 ], [ 72.378402710000046, 33.965099335 ], [ 72.378417969000168, 33.96685028100012 ], [ 72.378486633000136, 33.968330383000193 ], [ 72.378669739000031, 33.970790863000047 ], [ 72.379753113000163, 33.971210480000025 ], [ 72.380917295000188, 33.971501705000037 ], [ 72.381982547000064, 33.971552405000125 ], [ 72.382423401000096, 33.971809387000121 ], [ 72.383567810000045, 33.972110748000091 ], [ 72.38495636000016, 33.97240066500018 ], [ 72.386550903, 33.972839355000076 ], [ 72.387916565000069, 33.973098755000024 ], [ 72.389373778999982, 33.973388672000112 ], [ 72.391021729000101, 33.973789215000124 ], [ 72.393333435000045, 33.974349976000099 ], [ 72.395088196000017, 33.97480011 ], [ 72.396476746000189, 33.97520828200004 ], [ 72.397758484000178, 33.97542953500016 ], [ 72.399932861000025, 33.97595977800006 ], [ 72.401351929000043, 33.976280212000063 ], [ 72.402496338000162, 33.977748871000188 ], [ 72.402526855000076, 33.979320526000095 ], [ 72.40270233200016, 33.98096084600013 ], [ 72.402679443000125, 33.982341766000161 ], [ 72.40278625500008, 33.983718872000054 ], [ 72.402976990000127, 33.985778809000067 ], [ 72.403137207000157, 33.987651825000114 ], [ 72.403221130000077, 33.989849091000053 ], [ 72.403236389000028, 33.991851806999989 ], [ 72.403236389000028, 33.993419647000053 ], [ 72.403266907000045, 33.99460983300014 ], [ 72.403190613000106, 33.99663925200008 ], [ 72.403129578000119, 33.998008728000059 ], [ 72.402488708000021, 34.000171661000081 ], [ 72.402442932000156, 34.000728607000156 ], [ 72.402587891000167, 34.002010345000144 ], [ 72.402328491000048, 34.003868103000173 ], [ 72.40232576700015, 34.005156743000043 ], [ 72.403846741000052, 34.006000519000054 ], [ 72.405181885000047, 34.006561279000096 ], [ 72.406860352000081, 34.006450653000172 ], [ 72.408660889000146, 34.005790710000042 ], [ 72.410438538000051, 34.005241394000052 ], [ 72.412178040000072, 34.004791260000104 ], [ 72.413467407000098, 34.004360199000075 ], [ 72.414939880000134, 34.00384903000014 ], [ 72.417068481000172, 34.003520966000167 ], [ 72.419548035000162, 34.002929687000176 ], [ 72.421356200999981, 34.002548218000129 ], [ 72.423530579000158, 34.001850128000115 ], [ 72.424690247000171, 34.001411438000048 ], [ 72.426422119000108, 34.000930786000083 ], [ 72.427207947000113, 34.000801086000024 ], [ 72.428083607000076, 34.000530074000153 ], [ 72.429252625000174, 34.00051879900019 ], [ 72.431198120000147, 34.00043869000001 ], [ 72.432670593000182, 34.000381470000093 ], [ 72.434066772000165, 34.000469208000084 ], [ 72.436790466000105, 34.000488281000116 ], [ 72.439048766999974, 34.000679016000049 ], [ 72.441612244000112, 34.000640869000165 ], [ 72.443138123000153, 34.000179291000165 ], [ 72.444023132000098, 33.998161316000051 ], [ 72.445907593000129, 33.995418549000078 ], [ 72.447219849000192, 33.993900299000018 ], [ 72.447822571000131, 33.992679596000187 ], [ 72.448768616000166, 33.991470337000067 ], [ 72.453308105000133, 33.992549896000128 ], [ 72.457679749000192, 33.993305207000162 ], [ 72.464591980000193, 33.99499130200013 ], [ 72.470912460000193, 33.996735636000039 ], [ 72.472671509000179, 33.997219086000086 ], [ 72.478446960000099, 33.998329163 ], [ 72.483192444000167, 33.999729156000114 ], [ 72.485488892000092, 34.000240326000153 ], [ 72.489662170000088, 34.001449585000103 ], [ 72.49762725800008, 34.000179291000165 ], [ 72.501617432000046, 33.998458862000177 ], [ 72.503120422000052, 33.997600555000133 ], [ 72.504882812000176, 33.997169495000151 ], [ 72.50711822500017, 33.997318268000129 ], [ 72.50846862800006, 33.997341156000061 ], [ 72.510177612000064, 33.997138977000134 ], [ 72.512283325000112, 33.99702835100004 ], [ 72.514320374000192, 33.997039795000092 ], [ 72.5165863040001, 33.997001648000037 ], [ 72.519638062000183, 33.996891022000113 ], [ 72.521156311000084, 33.996681213000102 ], [ 72.522956848000149, 33.99663925200008 ], [ 72.524566650000111, 33.996791840000071 ], [ 72.525772095000093, 33.997749328999987 ], [ 72.526588440000069, 33.99861908000014 ], [ 72.527931213000045, 33.99961090100004 ], [ 72.528953552000189, 34.000278473000037 ], [ 72.530113220000032, 34.000751495000088 ], [ 72.531578064000087, 34.0009613040001 ], [ 72.532821655000191, 34.000720978000118 ], [ 72.534072876000096, 34.000160216999973 ], [ 72.535568237000064, 33.999160767000092 ], [ 72.539489746000072, 33.996940613000049 ], [ 72.540626525999983, 33.996429443000068 ], [ 72.541748047000169, 33.995708466000167 ], [ 72.542953491000048, 33.995140076000041 ], [ 72.54434204100005, 33.995330811000088 ], [ 72.546241761000033, 33.996641159000148 ], [ 72.548080444000163, 33.997539520000146 ], [ 72.548876321000193, 33.997947509000085 ], [ 72.54956817600015, 33.998249054000041 ], [ 72.549537659000066, 33.997009277000075 ], [ 72.549110413000051, 33.995010376000153 ], [ 72.5491784620001, 33.993830854000066 ], [ 72.549453735000043, 33.993320465000181 ], [ 72.548767090000126, 33.993320465000181 ], [ 72.548670793000099, 33.988987444000088 ], [ 72.550910950000059, 33.982769012000176 ], [ 72.550682068000128, 33.978000641000051 ], [ 72.550086975, 33.975009918000126 ], [ 72.553756714000144, 33.955471039000088 ], [ 72.558830261000082, 33.959560394000107 ], [ 72.578002930000082, 33.955570221000073 ], [ 72.582679749000079, 33.953319550000117 ], [ 72.588218689000087, 33.953239441000164 ], [ 72.589996338000162, 33.951560974000131 ], [ 72.593940735000103, 33.95032119800004 ], [ 72.598297119000108, 33.951278687000126 ], [ 72.603446960000156, 33.95344924900013 ], [ 72.604020475000084, 33.953343399000062 ], [ 72.606857300000058, 33.952819824000187 ], [ 72.612256912000078, 33.951071232000061 ], [ 72.614891052000075, 33.950218201000098 ], [ 72.621322632000044, 33.948799133000136 ], [ 72.62494659400005, 33.94826889 ], [ 72.627243042000146, 33.946868896000183 ], [ 72.629333496000129, 33.946060181000178 ], [ 72.632041931000117, 33.94503021200012 ], [ 72.633956909000119, 33.944309235000048 ], [ 72.638786316000107, 33.941101074000073 ], [ 72.640487671000074, 33.938781738000046 ], [ 72.642280579000101, 33.936920166 ], [ 72.648788452000076, 33.933490753000058 ], [ 72.652557373000093, 33.931098938000105 ], [ 72.652882018000014, 33.930679395000141 ], [ 72.653327942000146, 33.928611755000134 ], [ 72.65297699000007, 33.925121307000154 ], [ 72.649719238000159, 33.92280960100004 ], [ 72.647079468000072, 33.920860291 ], [ 72.644737244000055, 33.919528961000026 ], [ 72.633102417000089, 33.916549683000028 ], [ 72.630630493000012, 33.91611862200017 ], [ 72.628028870000151, 33.915409088000104 ], [ 72.629722595000032, 33.912670135000042 ], [ 72.629211426000154, 33.909690857000101 ], [ 72.630149841000048, 33.907600403000174 ], [ 72.626556396000183, 33.902828216999978 ], [ 72.619331360000103, 33.896610260000045 ], [ 72.616630554000153, 33.896900177000134 ], [ 72.608047485000043, 33.891529083000194 ], [ 72.610107422000056, 33.885730743000067 ], [ 72.605781555000135, 33.88209152200011 ], [ 72.606010437000066, 33.877120972000057 ], [ 72.609489441000164, 33.875129700000173 ], [ 72.613484922000112, 33.875540545000149 ], [ 72.614646912000126, 33.875659943000073 ], [ 72.617553711000198, 33.875419617000091 ], [ 72.622863770000038, 33.874759674000074 ], [ 72.629623413000047, 33.877140045000147 ], [ 72.633773804000157, 33.880210876000092 ], [ 72.638206482000101, 33.873149872000113 ], [ 72.642707825000116, 33.870479584000179 ], [ 72.640907288000108, 33.865528107000046 ], [ 72.643356323000148, 33.862049103000118 ], [ 72.644142151000153, 33.857509613000047 ], [ 72.655746460000046, 33.864471436000088 ], [ 72.661796570000092, 33.861869812000123 ], [ 72.666412354000101, 33.862850189000142 ], [ 72.669853210000042, 33.864459991000103 ], [ 72.673957825000116, 33.866180420000092 ], [ 72.677528381000116, 33.866729736000082 ], [ 72.68582153300008, 33.869178772000168 ], [ 72.687232971000185, 33.871120453000174 ], [ 72.692962646000012, 33.871379852000075 ], [ 72.693349055000112, 33.871562844000096 ], [ 72.698814686000162, 33.875302883000188 ], [ 72.699966431000178, 33.876091003000056 ], [ 72.706779480000137, 33.880508423000151 ], [ 72.708892822000053, 33.882320404000041 ], [ 72.709388733000139, 33.889080048000153 ], [ 72.708580017000031, 33.891929626000035 ], [ 72.706916809000063, 33.894809723000037 ], [ 72.707335993000129, 33.896599316000049 ], [ 72.708106995000151, 33.899890900000059 ], [ 72.704338074000134, 33.902549744000169 ], [ 72.705116272000055, 33.905689240000186 ], [ 72.709281921000184, 33.905158997000115 ], [ 72.713088989000028, 33.904708862000064 ], [ 72.715652466000165, 33.905288696000127 ], [ 72.718833450000091, 33.905470669000124 ], [ 72.731056213000045, 33.906169891000104 ], [ 72.734519958000192, 33.906288147000112 ], [ 72.735733032000041, 33.908489227000132 ], [ 72.734130859000061, 33.910358429000098 ], [ 72.731246948000091, 33.911849976000155 ], [ 72.727401733000193, 33.913520813000105 ], [ 72.724716187000183, 33.914569855000025 ], [ 72.723052979000045, 33.916439056000058 ], [ 72.723892212000123, 33.919689178 ], [ 72.725967407000155, 33.921440125000061 ], [ 72.728782654000099, 33.923419952000131 ], [ 72.733016968000186, 33.926731110000048 ], [ 72.735092163, 33.928760529000158 ], [ 72.73773193400001, 33.930950165000127 ], [ 72.743301392000035, 33.934558868000067 ], [ 72.74388885500008, 33.937381744 ], [ 72.746513367000148, 33.936828613000159 ], [ 72.74958038300008, 33.938499451000041 ], [ 72.756507874000135, 33.946479797000052 ], [ 72.758941650000054, 33.948871613000051 ], [ 72.762268066000161, 33.953659058000142 ], [ 72.765251160000048, 33.952201843000125 ], [ 72.768646240000123, 33.949520111000083 ], [ 72.768650190000074, 33.949518483000134 ], [ 72.772117615000184, 33.948089600000117 ], [ 72.775337219000107, 33.946151733000079 ], [ 72.778511047000165, 33.943458557000042 ], [ 72.781138186000021, 33.94233970900018 ], [ 72.782356262000121, 33.941791534 ], [ 72.783813477000137, 33.939769745000149 ], [ 72.786079407000045, 33.931549072000053 ], [ 72.787353516000053, 33.926921844000162 ], [ 72.789237975999981, 33.923999785999968 ], [ 72.789039612000124, 33.920150757000101 ], [ 72.786369324000134, 33.917121887000121 ], [ 72.783668518000127, 33.915470123000091 ], [ 72.779518127000188, 33.914829254000097 ], [ 72.77665710399998, 33.914958954000156 ], [ 72.770149231000062, 33.915271759000177 ], [ 72.777259827000023, 33.903221130000077 ], [ 72.780090332000043, 33.902381897 ], [ 72.782882690000122, 33.901180267000086 ], [ 72.785552978999988, 33.899280548000036 ], [ 72.788948059000063, 33.898040771000183 ], [ 72.789657593000186, 33.893550873000152 ], [ 72.791397095000036, 33.891578674000129 ], [ 72.793243408000137, 33.889488220000146 ], [ 72.7942276, 33.887058258000025 ], [ 72.802963257000101, 33.884860992000085 ], [ 72.805732727000077, 33.885219574000132 ], [ 72.807217290000096, 33.886897458000192 ], [ 72.808837891000167, 33.888729095000144 ], [ 72.816919644000109, 33.888242873000081 ], [ 72.829646893000074, 33.887477107000109 ], [ 72.83274078400018, 33.887290954999969 ], [ 72.83329010000017, 33.881439209000064 ], [ 72.833763123000153, 33.878948212000068 ], [ 72.833762971000112, 33.878947678000031 ], [ 72.832618713000102, 33.874931334999985 ], [ 72.832046509, 33.872699738 ], [ 72.831626892000031, 33.869808197000111 ], [ 72.83136749300013, 33.864379883000026 ], [ 72.831583135000074, 33.862839562000033 ], [ 72.831390381000119, 33.861518860000047 ], [ 72.831550598000092, 33.858829498000091 ], [ 72.833282471000132, 33.853630066000107 ], [ 72.835281372000054, 33.851879120000035 ], [ 72.836143494000169, 33.845268250000174 ], [ 72.835067749000075, 33.841930389000083 ], [ 72.831787109000061, 33.839851379000038 ], [ 72.831626892000031, 33.842899323000154 ], [ 72.829116821000071, 33.845809937000126 ], [ 72.824989319000167, 33.845199585000046 ], [ 72.820930481000062, 33.844661713000164 ], [ 72.817962646000126, 33.844509125000116 ], [ 72.818443298000091, 33.837421417000087 ], [ 72.820220947000166, 33.834701538000161 ], [ 72.821113586000024, 33.831279755000139 ], [ 72.821900048000089, 33.829082877000076 ], [ 72.822326660000044, 33.828166962000068 ], [ 72.822563171000184, 33.82757186900011 ], [ 72.827880859000174, 33.826190948000146 ], [ 72.830780029000039, 33.82614135700004 ], [ 72.833198547000109, 33.825801849000186 ], [ 72.84239959700011, 33.833198547000052 ], [ 72.846878052000193, 33.833480835000159 ], [ 72.849792480000076, 33.8316688540001 ], [ 72.84966278100012, 33.826290131000121 ], [ 72.850822449000134, 33.824550629000044 ], [ 72.853881836000028, 33.82394027700019 ], [ 72.857536316000107, 33.823699951000037 ], [ 72.859619141, 33.82460022000015 ], [ 72.871833801000093, 33.825908661000142 ], [ 72.871180137000181, 33.822654998000132 ], [ 72.870132446000127, 33.817440033000082 ], [ 72.869610710000075, 33.814904799000089 ], [ 72.86763000500008, 33.812309265000067 ], [ 72.866218567000033, 33.809238434000122 ], [ 72.863243103, 33.805381775000114 ], [ 72.860939026000096, 33.803050995000035 ], [ 72.859062195000149, 33.800910950000116 ], [ 72.856956482000044, 33.798431396000126 ], [ 72.855377197000053, 33.797100067000031 ], [ 72.852348328000176, 33.797309875000167 ], [ 72.847061157000155, 33.800239563000105 ], [ 72.845329285, 33.801471710000158 ], [ 72.841743469000164, 33.802810669000053 ], [ 72.839668274000132, 33.800529480000193 ], [ 72.838386536000144, 33.798770905000083 ], [ 72.835937500000171, 33.796649933000083 ], [ 72.833076477000134, 33.793720244999975 ], [ 72.830162048000147, 33.790908813000101 ], [ 72.8287506100001, 33.788520813000048 ], [ 72.827270508000197, 33.785541534000174 ], [ 72.826522827000076, 33.7828407290001 ], [ 72.822242320000157, 33.779052274000037 ], [ 72.821662903000117, 33.778308868000181 ], [ 72.827346802000079, 33.770401001000039 ], [ 72.829406737999989, 33.763328552000075 ], [ 72.832176208000192, 33.762531281000122 ], [ 72.83538818400001, 33.763168335000046 ], [ 72.838188171000127, 33.763889313 ], [ 72.841499329000044, 33.764930725000056 ], [ 72.84435272200011, 33.764621735000048 ], [ 72.844963074000191, 33.762550354000155 ], [ 72.84707641600005, 33.762180328000113 ], [ 72.851249695000149, 33.764369965000185 ], [ 72.852706909000062, 33.766571045000035 ], [ 72.852020264000032, 33.76934051500001 ], [ 72.855407715000069, 33.76942062400019 ], [ 72.857582092000143, 33.770229340000128 ], [ 72.862167358000079, 33.769760132000044 ], [ 72.864997863999974, 33.767738342000087 ], [ 72.867530823000038, 33.762081146000071 ], [ 72.870727539000029, 33.760799408000082 ], [ 72.87590789800015, 33.761581421000187 ], [ 72.880676270000151, 33.763999939000087 ], [ 72.888732910000101, 33.76644897500006 ], [ 72.889709473000153, 33.763938904000099 ], [ 72.888412476000042, 33.761940002000131 ], [ 72.888297737000016, 33.761815564000131 ], [ 72.886291504000042, 33.759639740000011 ], [ 72.882896423000091, 33.758518219000052 ], [ 72.880737305000139, 33.757499695000149 ], [ 72.886672974000192, 33.752861023000037 ], [ 72.888732910000101, 33.751251221000075 ], [ 72.892280579000044, 33.750461578 ], [ 72.911987305000082, 33.747768402000133 ], [ 72.914791514000058, 33.74803547 ], [ 72.916816711000195, 33.746719359999986 ], [ 72.920806885000104, 33.746269226000095 ], [ 72.923866272, 33.745601654000097 ], [ 72.926063538000108, 33.737159729000155 ], [ 72.920539856000119, 33.734470367000029 ], [ 72.916419983000196, 33.729370117000087 ], [ 72.915786743000069, 33.729064941000047 ], [ 72.914886475000174, 33.72877121 ], [ 72.913505554000039, 33.728435516000104 ], [ 72.912498474000188, 33.728309631000116 ], [ 72.911727905000134, 33.728225707999968 ], [ 72.910499573000095, 33.728218079000158 ], [ 72.909431458000086, 33.72826004000018 ], [ 72.907905579000044, 33.72826004000018 ], [ 72.906936646000077, 33.728187561000141 ], [ 72.905738831000178, 33.72826004000018 ], [ 72.904495239000141, 33.728057861000025 ], [ 72.902679443000181, 33.727767944000107 ], [ 72.901428223000039, 33.727313995000145 ], [ 72.90030670200008, 33.726993561000086 ], [ 72.899078369000108, 33.72642898600003 ], [ 72.897857666000107, 33.725364685000159 ], [ 72.897163391000106, 33.724250793000181 ], [ 72.896743774000129, 33.723297119000165 ], [ 72.896742256000039, 33.72328573100009 ], [ 72.896659851000038, 33.722667694 ], [ 72.896400452000137, 33.721815110000193 ], [ 72.89639957900016, 33.721814108000103 ], [ 72.896026611000025, 33.721385956000177 ], [ 72.895179749000135, 33.721111298000039 ], [ 72.893028259000118, 33.720664978000059 ], [ 72.890907288000051, 33.720245361000082 ], [ 72.889625549000129, 33.720043182000097 ], [ 72.887161255000137, 33.719387053999981 ], [ 72.884651184000063, 33.719066620000149 ], [ 72.882682800000055, 33.719001770000091 ], [ 72.881523132000041, 33.719100952000133 ], [ 72.879440308000198, 33.719264984 ], [ 72.877159119000169, 33.719573975000117 ], [ 72.875366211000141, 33.719696045000092 ], [ 72.874366760000157, 33.719650269 ], [ 72.872688293000124, 33.719326019 ], [ 72.870178223000096, 33.718448639000087 ], [ 72.867622375000167, 33.718044281000175 ], [ 72.86641693100006, 33.71792221100003 ], [ 72.864807129000098, 33.718204498000034 ], [ 72.862854004000042, 33.71852874800004 ], [ 72.860000610000043, 33.719306946000131 ], [ 72.857971191000104, 33.719856262000121 ], [ 72.856979370000033, 33.719947815000126 ], [ 72.855575562000013, 33.719802856000115 ], [ 72.853019714000141, 33.719345093000186 ], [ 72.850639343000068, 33.718460083000139 ], [ 72.848846436000144, 33.717304230000138 ], [ 72.846107483000083, 33.715240479000045 ], [ 72.84426879900019, 33.713279724000074 ], [ 72.843566895000038, 33.712001801000099 ], [ 72.842857361000142, 33.710643768000068 ], [ 72.842849041000136, 33.710616437000056 ], [ 72.842254638999975, 33.708663940000065 ], [ 72.841964722000057, 33.707061768000187 ], [ 72.841789246000133, 33.706291199000134 ], [ 72.841785827000081, 33.706288732000189 ], [ 72.841213204000042, 33.705875525000181 ], [ 72.839309692000143, 33.705383301000154 ], [ 72.837768555000082, 33.705108643000131 ], [ 72.836006165000072, 33.704563141000108 ], [ 72.834182739000198, 33.704048157000159 ], [ 72.831893921000187, 33.703578949000075 ], [ 72.828330994000169, 33.702934265000181 ], [ 72.824150085000042, 33.702564240000015 ], [ 72.820846558000142, 33.702198029000044 ], [ 72.818466187000126, 33.701927185000159 ], [ 72.816261292000036, 33.701675415000125 ], [ 72.814888, 33.701530457000047 ], [ 72.813881022000089, 33.701402762000043 ], [ 72.813902254000027, 33.701376767999989 ], [ 72.814910889000089, 33.700141907000045 ], [ 72.816436768000131, 33.698192596000183 ], [ 72.818283081000061, 33.695930481000119 ], [ 72.819732666000164, 33.693874359000176 ], [ 72.821449280000081, 33.691696167000089 ], [ 72.822700500000053, 33.690177917000028 ], [ 72.829269409000119, 33.681789398000092 ], [ 72.83213806200007, 33.678180695000037 ], [ 72.836967468000125, 33.671695709000119 ], [ 72.842254638999975, 33.664909363000106 ], [ 72.850401342, 33.654495876999988 ], [ 72.853622437000183, 33.650333405000026 ], [ 72.862541199000191, 33.638992310000049 ], [ 72.865402222000057, 33.635353088000045 ], [ 72.874404907000041, 33.623867035000103 ], [ 72.87667083700012, 33.620975494000049 ], [ 72.881927135000183, 33.61417872300018 ], [ 72.882804871000133, 33.613044739000145 ], [ 72.88740539600019, 33.607200623000097 ], [ 72.896148682000103, 33.596000671000127 ], [ 72.898398563000171, 33.592912928000032 ], [ 72.898811340000123, 33.592342377000136 ], [ 72.908020020000038, 33.58061981200018 ], [ 72.910713196000074, 33.577041626000096 ], [ 72.913825988999974, 33.573074341000165 ], [ 72.914215088000105, 33.572631836000085 ], [ 72.917091370000094, 33.574241638000046 ], [ 72.920303344999979, 33.575969696000186 ], [ 72.921338792000142, 33.576300050000157 ], [ 72.924072266000167, 33.577972412000179 ], [ 72.92874908400006, 33.58045959500015 ], [ 72.933319092000033, 33.582874298000036 ], [ 72.93769073500016, 33.585208893000186 ], [ 72.941978455000196, 33.58744812000009 ], [ 72.946670531999985, 33.589893341 ], [ 72.952453613000046, 33.592960358000028 ], [ 72.957359314000144, 33.595535278000114 ], [ 72.964065552000079, 33.598995209000122 ], [ 72.971923828000115, 33.603179932000046 ], [ 72.982864380000137, 33.608856201000151 ], [ 72.985725403000117, 33.610374451000155 ], [ 72.986098324000181, 33.610571669000137 ], [ 72.986122131000116, 33.61058425900012 ], [ 72.98327636700003, 33.614070892000029 ], [ 72.981628418000184, 33.616470337000067 ], [ 72.979690552000079, 33.618942261000143 ], [ 72.977462769, 33.621330260999969 ], [ 72.975730896000186, 33.622737885000106 ], [ 72.974601746000189, 33.623554230000082 ], [ 72.97354126, 33.62405777000015 ], [ 72.971618652000075, 33.624885559000177 ], [ 72.969360352000137, 33.625736237000012 ], [ 72.967643738, 33.626285553000173 ], [ 72.966644287000179, 33.626750946000072 ], [ 72.966528512000082, 33.627168193000045 ], [ 72.966527977000169, 33.62717012000013 ], [ 72.966903687000126, 33.628200531000175 ], [ 72.967303111000149, 33.628977528000064 ], [ 72.967781067000089, 33.629848480000192 ], [ 72.968780518000074, 33.631464005 ], [ 72.969245911000144, 33.631523132000041 ], [ 72.970481873000097, 33.630805969000107 ], [ 72.973136902000135, 33.628662109000174 ], [ 72.974235535000162, 33.627655029000152 ], [ 72.974632263000103, 33.62741851800007 ], [ 72.975166321000074, 33.627326965 ], [ 72.976325989000088, 33.62755584700011 ], [ 72.979728699000077, 33.629211426000097 ], [ 72.982254028000057, 33.630382538000163 ], [ 72.984069824000187, 33.631309509 ], [ 72.986915588000102, 33.633342743000014 ], [ 72.987960815000179, 33.633972168000184 ], [ 72.98841095, 33.634021759000063 ], [ 72.988815308000085, 33.633869171000072 ], [ 72.989639282000041, 33.632858276000036 ], [ 72.99067688000008, 33.63159942600015 ], [ 72.993728638, 33.628215790000127 ], [ 72.996925353999984, 33.624416351000093 ], [ 73.000877380000134, 33.619873047000056 ], [ 73.001777649000132, 33.618789673000094 ], [ 73.004531859999986, 33.620330811000088 ], [ 73.009025574000191, 33.622730255000192 ], [ 73.013290405000191, 33.624935150000113 ], [ 73.02178192100007, 33.62931823700012 ], [ 73.024940491000109, 33.63104629500009 ], [ 73.031180014000086, 33.634153125000125 ], [ 73.033210754000038, 33.63536834700011 ], [ 73.035268407000046, 33.63647245500016 ], [ 73.037147522000168, 33.637481689000026 ], [ 73.045333862000177, 33.641757965000181 ], [ 73.050109863000046, 33.644264221000071 ], [ 73.053618045000064, 33.646132252000143 ], [ 73.057456970000146, 33.648178101000042 ], [ 73.062469482000097, 33.650741577000076 ], [ 73.070906643000171, 33.655204426000125 ], [ 73.071372986000142, 33.655452728000057 ], [ 73.077194214000031, 33.658481598000037 ], [ 73.084770203000119, 33.662387848000094 ], [ 73.087715149000019, 33.663967133000142 ], [ 73.088200926000184, 33.664189295000028 ], [ 73.089805603000173, 33.662170410000044 ], [ 73.091140747000168, 33.660675049000019 ], [ 73.091964722, 33.659954071000072 ], [ 73.093223572000113, 33.658222198000033 ], [ 73.094024658000137, 33.657196045000148 ], [ 73.098990854000135, 33.650663356000052 ], [ 73.10463714600013, 33.643287659000066 ], [ 73.107515003000117, 33.639488192000044 ], [ 73.109687805000135, 33.636619568000185 ], [ 73.111289978000116, 33.634445190000065 ], [ 73.115287781000063, 33.629516602000081 ], [ 73.116723925000031, 33.627711671000043 ], [ 73.118377685999974, 33.625633240000127 ], [ 73.123001099000192, 33.619426727000075 ], [ 73.124320984000065, 33.617809296000075 ], [ 73.125476276000086, 33.616291905000026 ], [ 73.127578735000043, 33.613529205000077 ], [ 73.131072998000036, 33.608993530000191 ], [ 73.135398865000127, 33.603347778000057 ], [ 73.13990783700018, 33.597404480000193 ], [ 73.142463684000177, 33.594005585000104 ], [ 73.147331238000049, 33.587734222000165 ], [ 73.148422241000162, 33.586334229000045 ], [ 73.152107239000031, 33.58145141600005 ], [ 73.154499054000155, 33.578369141000053 ], [ 73.154476534000082, 33.57835578900017 ], [ 73.151603699000134, 33.576652527000135 ], [ 73.146270752000191, 33.573810577000188 ], [ 73.143028259000062, 33.572052002000078 ], [ 73.137779235999972, 33.569149017000086 ], [ 73.131598753000105, 33.565751864000163 ], [ 73.127731323000035, 33.563716888000158 ], [ 73.123657227000081, 33.56175231900005 ], [ 73.11837005600006, 33.558879852000132 ], [ 73.11198425300006, 33.555561066000166 ], [ 73.10486602800006, 33.551849365000123 ], [ 73.099945068000068, 33.549350739000147 ], [ 73.097404480000137, 33.547973633000083 ], [ 73.09137725800008, 33.544696808000083 ], [ 73.089872253000181, 33.543945664000148 ], [ 73.086875916000167, 33.542419434000124 ], [ 73.086902717000157, 33.54240809900017 ], [ 73.089202881000062, 33.541435242000091 ], [ 73.092750549000129, 33.539699554000151 ], [ 73.097355213000071, 33.537556004000066 ], [ 73.100936890000071, 33.535888672000169 ], [ 73.104415894000113, 33.534309387000121 ], [ 73.106460571000127, 33.533420563000163 ], [ 73.114891052000189, 33.529521942000088 ], [ 73.121704102000081, 33.526348114000029 ], [ 73.123802185000045, 33.525318146000075 ], [ 73.130432129000042, 33.522155762000068 ], [ 73.136512756000172, 33.519424437999987 ], [ 73.140243530000134, 33.517608643000131 ], [ 73.147735596000075, 33.514152527000192 ], [ 73.153228760000047, 33.511596680000025 ], [ 73.160285950000059, 33.508178711000085 ], [ 73.166732788000047, 33.505119324000191 ], [ 73.169555663999972, 33.50382232700008 ], [ 73.17523193400018, 33.501056671000185 ], [ 73.181465149000132, 33.49812316900011 ], [ 73.184501648000094, 33.496765137000011 ], [ 73.191314697000109, 33.493629456000178 ], [ 73.196746826000037, 33.49108886700003 ], [ 73.199728854000057, 33.489711016000172 ], [ 73.201721191000161, 33.491863251000154 ], [ 73.20419311500001, 33.494544983000026 ], [ 73.207847595000089, 33.498321533000023 ], [ 73.210182190000069, 33.500766754000097 ], [ 73.215621948000035, 33.506450653000115 ], [ 73.21791839600013, 33.508827209000117 ], [ 73.224236897000026, 33.515440737000176 ], [ 73.230857849000017, 33.522319794000111 ], [ 73.231903076000094, 33.523395538000159 ], [ 73.23635101300016, 33.528102875000172 ], [ 73.239929199000073, 33.531753540000125 ], [ 73.242181064000192, 33.534069561000024 ], [ 73.245285034000119, 33.537261963 ], [ 73.246772766000106, 33.53886795000011 ], [ 73.251022339000087, 33.543235779000099 ], [ 73.258514404000152, 33.550083160000099 ], [ 73.259513855000137, 33.55105590800008 ], [ 73.266166687000123, 33.557167053000114 ], [ 73.268608093000125, 33.559661865000123 ], [ 73.273513794000053, 33.564674377000074 ], [ 73.274879456000065, 33.566268921000187 ], [ 73.27585601800007, 33.567276001000039 ], [ 73.278831482000044, 33.570602417000089 ], [ 73.279998779000096, 33.571651459000066 ], [ 73.280529452, 33.571877774000029 ], [ 73.282043457000157, 33.573558807000097 ], [ 73.28364563000008, 33.575004578000119 ], [ 73.286613464000197, 33.578449249000073 ], [ 73.288459778000174, 33.58026123000019 ], [ 73.290275574000134, 33.581783295000093 ], [ 73.292823792000092, 33.584815979000041 ], [ 73.293418884000175, 33.585479736000138 ], [ 73.294212341000161, 33.586048126000094 ], [ 73.295082092000087, 33.586853027000188 ], [ 73.295951843000012, 33.587741852000079 ], [ 73.296569824000073, 33.588748932000101 ], [ 73.297427829000128, 33.589655765000089 ], [ 73.298728163000078, 33.591254696000135 ], [ 73.298751831000061, 33.591283798000063 ], [ 73.296607971000128, 33.591407776000153 ], [ 73.29496765100015, 33.591472626000041 ], [ 73.293304443000181, 33.591833115000099 ], [ 73.292945862000067, 33.592399597000053 ], [ 73.29288482700008, 33.593086243000073 ], [ 73.292861938000101, 33.594394684000065 ], [ 73.293067932000042, 33.595535278000114 ], [ 73.293067932000042, 33.596256256000061 ], [ 73.293090820000032, 33.597679138 ], [ 73.293395996000015, 33.59899902300009 ], [ 73.293702116000134, 33.600130175000061 ], [ 73.293708801000093, 33.600154877000136 ], [ 73.294189453000058, 33.600994110000045 ], [ 73.294715881000059, 33.601848602000189 ], [ 73.295463562000066, 33.603767395000091 ], [ 73.295959473000153, 33.604846954000152 ], [ 73.296646118000183, 33.606052399000134 ], [ 73.297561646000077, 33.606994629000098 ], [ 73.298866272000055, 33.607833862000177 ], [ 73.300148010000044, 33.608707428000173 ], [ 73.301422119000051, 33.609443665000072 ], [ 73.302268982000044, 33.610023499000079 ], [ 73.302605576000133, 33.610567226000057 ], [ 73.302616120000152, 33.61058425900012 ], [ 73.302536010999972, 33.611763 ], [ 73.302116394000166, 33.612655640000185 ], [ 73.30179595900006, 33.613494873000036 ], [ 73.30163574200003, 33.614597321000133 ], [ 73.301666260000047, 33.616176605000078 ], [ 73.301925659000119, 33.617073059000177 ], [ 73.301959992000036, 33.617731095000067 ], [ 73.301216125000053, 33.619747162000181 ], [ 73.300994873000036, 33.62081909200009 ], [ 73.300949097000171, 33.622520447000056 ], [ 73.300773621000189, 33.624481201000094 ], [ 73.300567627000191, 33.625396728999988 ], [ 73.300392151000096, 33.626007080000136 ], [ 73.300285339000141, 33.62697219800009 ], [ 73.300064087000123, 33.629127502000074 ], [ 73.300094555000157, 33.630944216000103 ], [ 73.300094604000037, 33.630947113000047 ], [ 73.300750732000154, 33.632789612000181 ], [ 73.301258946000132, 33.634082902999978 ], [ 73.301261902000192, 33.634090424000192 ], [ 73.301597596000079, 33.635210036999979 ], [ 73.301647535000029, 33.635790339000039 ], [ 73.301448822, 33.636598587000151 ], [ 73.301124573000095, 33.637271881000061 ], [ 73.300224304000153, 33.638046265000185 ], [ 73.29965210000006, 33.638515472 ], [ 73.299072266, 33.639091492000091 ], [ 73.298736572000109, 33.639652252000133 ], [ 73.29827880900018, 33.640357971000128 ], [ 73.297996521000073, 33.64113998400012 ], [ 73.29797363300014, 33.642223358000024 ], [ 73.298202614, 33.642947234000076 ], [ 73.298210144000109, 33.642971038999974 ], [ 73.298500061000198, 33.643798828000172 ], [ 73.29904174800015, 33.644893646000185 ], [ 73.299446106000062, 33.645580292000147 ], [ 73.300140381, 33.64651107800006 ], [ 73.301177979000101, 33.647312164000084 ], [ 73.302436829000158, 33.647876740000072 ], [ 73.303405762000125, 33.648414612000181 ], [ 73.30412704500003, 33.649018804000093 ], [ 73.304140091000193, 33.649029732000088 ], [ 73.304046631000119, 33.649555206000059 ], [ 73.303558350000117, 33.650314331000061 ], [ 73.303001404000042, 33.651008606000062 ], [ 73.302482605000193, 33.651905060000161 ], [ 73.302124023000033, 33.652759552000134 ], [ 73.301780701000041, 33.65363311800013 ], [ 73.301679692000107, 33.654471118000174 ], [ 73.301677704000099, 33.654487610000103 ], [ 73.302131653000117, 33.65501022300009 ], [ 73.302940369000055, 33.655181885000104 ], [ 73.305694580000136, 33.655529022000167 ], [ 73.306869507000101, 33.655895233000138 ], [ 73.307739258000197, 33.656364441000051 ], [ 73.308410645000038, 33.657287598000153 ], [ 73.309051514000032, 33.658035278000057 ], [ 73.309440613, 33.658432007000101 ], [ 73.310340881000059, 33.659080505000077 ], [ 73.311401367000087, 33.659549713 ], [ 73.312683105000076, 33.660064697000166 ], [ 73.313606262000178, 33.660438538000108 ], [ 73.314582825000059, 33.660945892000143 ], [ 73.31585693400001, 33.661651611000025 ], [ 73.316986084, 33.662322998000036 ], [ 73.318244934000063, 33.662834166999971 ], [ 73.31893508800016, 33.663334669 ], [ 73.318956375000084, 33.663350106000109 ], [ 73.318611145000091, 33.663780212000177 ], [ 73.318058014000087, 33.664205552000055 ], [ 73.318139979000193, 33.664595777000102 ], [ 73.318145752000078, 33.664623260000155 ], [ 73.318763733000139, 33.665008545000148 ], [ 73.320190430000139, 33.665481567000029 ], [ 73.321899414000143, 33.665908812999987 ], [ 73.323158264000028, 33.666320801000154 ], [ 73.323753357000157, 33.66658783000014 ], [ 73.324249268000017, 33.666652679000094 ], [ 73.324890137000068, 33.666439056000115 ], [ 73.325347900000168, 33.666160583000078 ], [ 73.325798035000048, 33.666126251000037 ], [ 73.326217651000093, 33.666263580000134 ], [ 73.327018738000049, 33.666606903000059 ], [ 73.327693940000131, 33.66674232500003 ], [ 73.32845306400003, 33.666564941000104 ], [ 73.328887939000083, 33.666221619000112 ], [ 73.329322815000182, 33.665687561000027 ], [ 73.329864502000135, 33.665390015000071 ], [ 73.33065033000014, 33.665187836000143 ], [ 73.33210754400011, 33.664764404000096 ], [ 73.332756042000085, 33.664600372 ], [ 73.335876465000069, 33.663959503 ], [ 73.338348389000146, 33.663669586000083 ], [ 73.341011047000052, 33.663539886000024 ], [ 73.342788696000127, 33.663726807000103 ], [ 73.343788147000112, 33.664028168000129 ], [ 73.344909668000128, 33.664115906000063 ], [ 73.346588135000161, 33.664443970000036 ], [ 73.347290039000143, 33.66447830200002 ], [ 73.347831726000095, 33.664333344000113 ], [ 73.348167419000106, 33.664028168000129 ], [ 73.348342896000133, 33.663539886000024 ], [ 73.348977743000148, 33.662314809000179 ], [ 73.349311829000101, 33.661937714000146 ], [ 73.349929810000162, 33.661586760999967 ], [ 73.350692749000132, 33.661331177000136 ], [ 73.351493835000156, 33.661312103000171 ], [ 73.3523559570001, 33.661552429000153 ], [ 73.353538513000046, 33.662120819000108 ], [ 73.354545593000068, 33.662490844999979 ], [ 73.355873108000196, 33.663398743000187 ], [ 73.356941223000035, 33.664367676000154 ], [ 73.357666016000053, 33.665519714000084 ], [ 73.35809929200019, 33.666711223000163 ], [ 73.35810852100019, 33.666736603000118 ], [ 73.358222961000024, 33.66791534400005 ], [ 73.358169556000178, 33.669391632000156 ], [ 73.357978821000074, 33.670398712000178 ], [ 73.358001204000061, 33.671245549000162 ], [ 73.358001709, 33.671264649000136 ], [ 73.358680725000056, 33.67206573500016 ], [ 73.360313416000054, 33.673629761000086 ], [ 73.361946106000175, 33.675140381000176 ], [ 73.364418030000081, 33.677303313999971 ], [ 73.366355896000186, 33.678714752000076 ], [ 73.367805481000119, 33.679565430000139 ], [ 73.369117737000181, 33.68017959600013 ], [ 73.37023925800014, 33.680713654000101 ], [ 73.371414185000106, 33.681507111000087 ], [ 73.372489929000096, 33.682285309000179 ], [ 73.375633240000013, 33.684482574000185 ], [ 73.378089905000195, 33.686389923000149 ], [ 73.379531860000043, 33.687496185000043 ], [ 73.380676270000038, 33.688686371000074 ], [ 73.383247375000053, 33.691028595000091 ], [ 73.38366699200003, 33.691406250000171 ], [ 73.385017395000148, 33.69445037800017 ], [ 73.386245728000063, 33.69762039200009 ], [ 73.388084412000126, 33.699722290000068 ], [ 73.389251847000196, 33.702125388000127 ], [ 73.389259337999988, 33.702140807999967 ], [ 73.389337094000041, 33.702658185000075 ], [ 73.389396668000188, 33.703628540000182 ], [ 73.387245178000171, 33.704319000000112 ], [ 73.385742187000062, 33.704006195000034 ], [ 73.384483337000177, 33.704116821000127 ], [ 73.383911133000083, 33.704208374000189 ], [ 73.381843567000089, 33.704311371000074 ], [ 73.379493713000159, 33.704498291000107 ], [ 73.377487183000028, 33.704685211000083 ], [ 73.376640320000035, 33.70466613800005 ], [ 73.375953674000073, 33.70452499400011 ], [ 73.375137329000154, 33.704181671000185 ], [ 73.373184204000097, 33.703193665000128 ], [ 73.372032166000167, 33.702449799000078 ], [ 73.371265411000024, 33.702054977000103 ], [ 73.370567322000113, 33.702541350999979 ], [ 73.37001800500002, 33.703121185000043 ], [ 73.369194031000063, 33.704460144000052 ], [ 73.368598938000105, 33.705188751000037 ], [ 73.367927551000093, 33.705684662000124 ], [ 73.367126465000069, 33.705970764000142 ], [ 73.36569976800007, 33.706253052000079 ], [ 73.364181519000113, 33.70631790200008 ], [ 73.362739563000162, 33.706222534 ], [ 73.361785889000146, 33.706123352000191 ], [ 73.360946655000134, 33.706108093000068 ], [ 73.359573364000141, 33.706150055000137 ], [ 73.358154297000056, 33.70626068100006 ], [ 73.356269836000195, 33.706546783000135 ], [ 73.352844238000046, 33.707103729000039 ], [ 73.35070037800017, 33.707599640000126 ], [ 73.348556519000113, 33.708278656000175 ], [ 73.347244263000107, 33.709033966000106 ], [ 73.345512390000067, 33.710506439000028 ], [ 73.342971802000193, 33.71299743700007 ], [ 73.342353821000131, 33.713722229000155 ], [ 73.342109680000078, 33.714145660000099 ], [ 73.341880798000147, 33.715167999000073 ], [ 73.341339111000195, 33.717044830000191 ], [ 73.340551553000182, 33.720085862000076 ], [ 73.340431212999988, 33.720550537000065 ], [ 73.339085398000122, 33.72436718400013 ], [ 73.338478088000159, 33.726089478000176 ], [ 73.337791443000071, 33.727317809999988 ], [ 73.337371826000094, 33.727817535000042 ], [ 73.336914062000062, 33.728076935000047 ], [ 73.335403442000143, 33.728637695000089 ], [ 73.334991455000079, 33.7288475040001 ], [ 73.328529358000139, 33.731906891 ], [ 73.326072693000185, 33.733001709000177 ], [ 73.32437896700003, 33.733673096000075 ], [ 73.322692871000129, 33.734378815000071 ], [ 73.320152283000084, 33.735530853 ], [ 73.318832397000108, 33.736186981000117 ], [ 73.317382812000176, 33.736618041999975 ], [ 73.313415527000075, 33.738067627000135 ], [ 73.309211731000062, 33.739944458000082 ], [ 73.306282038000063, 33.74150149400009 ], [ 73.305473328000119, 33.742141724000135 ], [ 73.304840088000105, 33.742797852000081 ], [ 73.304313660000105, 33.743625641000108 ], [ 73.303977966000048, 33.744224547999977 ], [ 73.303558350000117, 33.744808197000054 ], [ 73.302413940000122, 33.745594025000059 ], [ 73.301109313999973, 33.746486664000145 ], [ 73.300582886000143, 33.746955872000058 ], [ 73.300277710000103, 33.747398376000035 ], [ 73.300262450999981, 33.748188019000111 ], [ 73.300331116000109, 33.748958588 ], [ 73.300231934000067, 33.749423981000064 ], [ 73.299522400000114, 33.750358582000047 ], [ 73.298995972000114, 33.750862122000115 ], [ 73.297477722000053, 33.751628876000154 ], [ 73.295944214000031, 33.752449036000144 ], [ 73.294303894, 33.75349426300005 ], [ 73.292510986000195, 33.754905701000098 ], [ 73.291076660000158, 33.756408691000104 ], [ 73.289901733000193, 33.757415771000126 ], [ 73.285629272000108, 33.760799408000082 ], [ 73.282310486000142, 33.763458252000135 ], [ 73.280502319000163, 33.764873505000082 ], [ 73.277435303000061, 33.767486572000053 ], [ 73.276050980000036, 33.768360215000087 ], [ 73.274932861000138, 33.769065857000044 ], [ 73.274284363000106, 33.769504547000111 ], [ 73.273643494000112, 33.770267487000183 ], [ 73.271903992000091, 33.771797180000192 ], [ 73.269920349000188, 33.773323059000063 ], [ 73.268623352000077, 33.774539948000097 ], [ 73.26804351800007, 33.775230408000027 ], [ 73.26718902600004, 33.775764465000066 ], [ 73.265907288000051, 33.776298523000037 ], [ 73.264503479000155, 33.77692413300008 ], [ 73.263603210000042, 33.77737045300006 ], [ 73.26240539600019, 33.777988434000122 ], [ 73.261375427000189, 33.778717041000107 ], [ 73.26067352299998, 33.779018402000077 ], [ 73.259704590000013, 33.779266357000097 ], [ 73.25846862800006, 33.779315948000033 ], [ 73.256660461000138, 33.77896118200016 ], [ 73.255302429000039, 33.778587341000048 ], [ 73.254676819000167, 33.77844238300014 ], [ 73.25418090800008, 33.77844238300014 ], [ 73.253623962000177, 33.77882766700003 ], [ 73.252464294000106, 33.779911041000162 ], [ 73.251693726000155, 33.780838013000107 ], [ 73.250885010000047, 33.781436920000033 ], [ 73.250259399000015, 33.781719208000084 ], [ 73.249473572000113, 33.781940460000101 ], [ 73.248306274000186, 33.782054901000095 ], [ 73.24724578900009, 33.782203674000016 ], [ 73.246398926000097, 33.782546997000111 ], [ 73.245391846000075, 33.783256531000177 ], [ 73.244850159000123, 33.783775330000026 ], [ 73.244285583000135, 33.78466033899997 ], [ 73.243888855000137, 33.784950256000116 ], [ 73.242912292000085, 33.785434723000094 ], [ 73.241744995000033, 33.785896301000093 ], [ 73.240715027000078, 33.786247253 ], [ 73.238876343000186, 33.786491394000052 ], [ 73.237762451000037, 33.786666870000033 ], [ 73.237052917000142, 33.786849976000042 ], [ 73.23619079600013, 33.787281036000024 ], [ 73.235145569000053, 33.78768158000014 ], [ 73.234596252000188, 33.787807465000128 ], [ 73.233741759999987, 33.787944794000055 ], [ 73.233268738000106, 33.787895203000119 ], [ 73.232788086000141, 33.787811279000096 ], [ 73.232055664000143, 33.787910461000138 ], [ 73.23117828400018, 33.788066864000029 ], [ 73.230308533000084, 33.788341522 ], [ 73.229423523000037, 33.788738251000098 ], [ 73.228599548000147, 33.789066315000014 ], [ 73.227996826000037, 33.789329529000156 ], [ 73.227320255000109, 33.789481593000119 ], [ 73.22510528600003, 33.790050507000103 ], [ 73.223487854000155, 33.790428162000183 ], [ 73.222045898000033, 33.790809631000059 ], [ 73.220921062000059, 33.791259321000098 ], [ 73.220343431000117, 33.791207115000077 ], [ 73.219406128000116, 33.791435242000034 ], [ 73.217338562000123, 33.791912079000156 ], [ 73.215858459000117, 33.792350769 ], [ 73.213653564000197, 33.792823792000149 ], [ 73.211006165000128, 33.793292999000187 ], [ 73.210128784000062, 33.793445587000178 ], [ 73.208328247000054, 33.794033051000099 ], [ 73.206001282000159, 33.794609070000092 ], [ 73.203117371000189, 33.79527664200009 ], [ 73.199287415000185, 33.796211243000016 ], [ 73.196113586000081, 33.79693985 ], [ 73.194984436000084, 33.797241210999971 ], [ 73.194030762000011, 33.797470093000129 ], [ 73.193603516000053, 33.797538757000098 ], [ 73.193115234000118, 33.797710419000111 ], [ 73.192726135000157, 33.798019409000062 ], [ 73.192123413000047, 33.798286438000048 ], [ 73.19063568100006, 33.799289703 ], [ 73.189651489000141, 33.800048828000058 ], [ 73.188720703000058, 33.800636292000149 ], [ 73.18818664600019, 33.801002502000074 ], [ 73.187568665000128, 33.801403046000189 ], [ 73.186294556000121, 33.802082062000068 ], [ 73.184455872000058, 33.803031921000013 ], [ 73.182693481000172, 33.803791046000072 ], [ 73.181793213000105, 33.804271698000036 ], [ 73.180908203000058, 33.804618835000042 ], [ 73.179992676000097, 33.804843903000062 ], [ 73.179260254000042, 33.805027008000025 ], [ 73.17781066900011, 33.805187225 ], [ 73.176254272, 33.805320740000127 ], [ 73.174736023000094, 33.805328369000165 ], [ 73.172637939000197, 33.805240631000174 ], [ 73.170585632000154, 33.804931641 ], [ 73.168472290000068, 33.804508209000176 ], [ 73.171630859000174, 33.808048248000034 ], [ 73.179237366000109, 33.810588837000182 ], [ 73.184776306000117, 33.809780121000074 ], [ 73.190498352000134, 33.810161591 ], [ 73.201103210000099, 33.813438416000167 ], [ 73.209337000000119, 33.816100305000077 ], [ 73.210296631000176, 33.816410065000127 ], [ 73.211616516000049, 33.815879822 ], [ 73.213172913000164, 33.815689087000123 ], [ 73.21649169900013, 33.81642913800016 ], [ 73.218406677000132, 33.816970825000112 ], [ 73.219787598000039, 33.817188263 ], [ 73.221183777000192, 33.817779541000107 ], [ 73.224037170000145, 33.818450928000118 ], [ 73.22595977800006, 33.819259644000056 ], [ 73.228019714000141, 33.820098877000135 ], [ 73.230079651000153, 33.821029663000047 ], [ 73.231042008000088, 33.821512916000188 ], [ 73.232688904000099, 33.822448730000133 ], [ 73.235946655000077, 33.823848724000186 ], [ 73.236701965000066, 33.824668884000175 ], [ 73.237039767000113, 33.824961473000144 ], [ 73.238052368000126, 33.826328278000176 ], [ 73.238853455000083, 33.827899933000083 ], [ 73.241027832000157, 33.833480835000159 ], [ 73.24157714800009, 33.835208893000129 ], [ 73.242607117000148, 33.837779999000077 ], [ 73.243362427000136, 33.838829041000167 ], [ 73.244613647000108, 33.840290070000037 ], [ 73.245811462000177, 33.841491699000073 ], [ 73.247352600000113, 33.842079163000164 ], [ 73.250862122000058, 33.843128203999981 ], [ 73.252296448000095, 33.84402084400017 ], [ 73.253883362000124, 33.84468841600011 ], [ 73.255233765000014, 33.844959259000063 ], [ 73.256866455000136, 33.845321655000021 ], [ 73.257392883000136, 33.845520020000038 ], [ 73.259399406000171, 33.845913950000124 ], [ 73.261222839000141, 33.844959259000063 ], [ 73.262718201000041, 33.843441010000106 ], [ 73.263587952000194, 33.842140198000152 ], [ 73.265129089000084, 33.839080811000031 ], [ 73.265968323000038, 33.837909698000033 ], [ 73.267311096000014, 33.83774948100006 ], [ 73.275435571000173, 33.842662481000104 ], [ 73.282356262000178, 33.845760345000087 ], [ 73.285583496000015, 33.84677124000018 ], [ 73.28774261500007, 33.847080231000064 ], [ 73.289627075000055, 33.846939087000123 ], [ 73.291297913000051, 33.846378326000149 ], [ 73.293426514000089, 33.845710754000152 ], [ 73.295089722, 33.844970703000115 ], [ 73.295888303000083, 33.844618853000156 ], [ 73.29653930700016, 33.844669342000145 ], [ 73.298210144000109, 33.844890594000162 ], [ 73.299972534000062, 33.845630646000131 ], [ 73.302093506000062, 33.848049164000031 ], [ 73.304161072000056, 33.85031890900018 ], [ 73.306900024000015, 33.854408264000028 ], [ 73.308029175000115, 33.855319977000079 ], [ 73.309951782000098, 33.85639953600014 ], [ 73.311431885000104, 33.856880188000105 ], [ 73.314773560000106, 33.856449127000019 ], [ 73.315666199000134, 33.856430054000157 ], [ 73.316719055000021, 33.856899260999967 ], [ 73.317352295000035, 33.857769012000119 ], [ 73.318237305000082, 33.859020233000138 ], [ 73.318977356000119, 33.85980987500011 ], [ 73.319587707999972, 33.860290527000075 ], [ 73.319206238000049, 33.86244964600013 ], [ 73.317787170000031, 33.862850189000142 ], [ 73.317359924000073, 33.863719940000067 ], [ 73.318908691000047, 33.865440369000055 ], [ 73.320831299000133, 33.867031097000051 ], [ 73.323066711000138, 33.869171143000187 ], [ 73.32663726800007, 33.871109009000122 ], [ 73.327873230000023, 33.872039795000035 ], [ 73.328842163, 33.87322998000019 ], [ 73.329757690000179, 33.874710082999968 ], [ 73.3305380380001, 33.876376310000126 ], [ 73.331016541000167, 33.878650665000066 ], [ 73.331161499000075, 33.880561829000101 ], [ 73.33068084700011, 33.881858826000041 ], [ 73.329559326000094, 33.882778168000073 ], [ 73.328308105000076, 33.884338379000098 ], [ 73.327529907000155, 33.885681152000132 ], [ 73.327972412000065, 33.887420654000152 ], [ 73.33029174800015, 33.889419556000178 ], [ 73.331993103000116, 33.890979767000033 ], [ 73.333023071000071, 33.891868591000048 ], [ 73.333830541000111, 33.892664818000071 ], [ 73.334716797000056, 33.893501282000045 ], [ 73.335327148000033, 33.894340515000124 ], [ 73.336189270000148, 33.896160126000098 ], [ 73.337356566999972, 33.899219513000048 ], [ 73.338203430000135, 33.900878906000116 ], [ 73.33924102800006, 33.902191162000122 ], [ 73.34028625500008, 33.902759552000077 ], [ 73.34127044700017, 33.903099060000102 ], [ 73.342453003000116, 33.903480530000081 ], [ 73.344787598000153, 33.904750824000189 ], [ 73.346817017000092, 33.906108856000117 ], [ 73.347541809000177, 33.906909943000016 ], [ 73.348007202000076, 33.907680511000024 ], [ 73.348083496000186, 33.909660339000084 ], [ 73.348281860000043, 33.911350250000169 ], [ 73.348289490000127, 33.91265106200018 ], [ 73.347640991000048, 33.914478302000191 ], [ 73.346626282000045, 33.917968750000114 ], [ 73.346626282000045, 33.918701172000169 ], [ 73.347671509000065, 33.918861389000028 ], [ 73.349151611000138, 33.918849945000147 ], [ 73.352058411000144, 33.919540405000077 ], [ 73.353019714000197, 33.920040131000178 ], [ 73.355937365000102, 33.923042929000133 ], [ 73.356773376000092, 33.923858643000131 ], [ 73.358177185000159, 33.925361633000136 ], [ 73.359992981000119, 33.926189423000039 ], [ 73.362953186000198, 33.926769257000103 ], [ 73.364196777000132, 33.92687988299997 ], [ 73.366132350000157, 33.927249629000016 ], [ 73.366649816000177, 33.927549511000166 ], [ 73.367858887000068, 33.928218842000035 ], [ 73.368392944000163, 33.928989409999986 ], [ 73.369506836000085, 33.93037033100012 ], [ 73.371490478999988, 33.931758881000121 ], [ 73.373641968000129, 33.933139801000152 ], [ 73.375068665000128, 33.934341431000064 ], [ 73.377159119000055, 33.935680389000026 ], [ 73.378402710000046, 33.936859131 ], [ 73.379356384000062, 33.938381195000034 ], [ 73.380966187000126, 33.940448761000027 ], [ 73.382156372000111, 33.941810608000026 ], [ 73.384666443000071, 33.946548462000123 ], [ 73.385101318000068, 33.948719025000059 ], [ 73.385482788000161, 33.95114898700001 ], [ 73.385818481000172, 33.95343017600004 ], [ 73.385742187000062, 33.955028534000121 ], [ 73.385498047000112, 33.955390930000078 ], [ 73.38404846200018, 33.955631256000061 ], [ 73.382186890000128, 33.955299377000074 ], [ 73.379501343000072, 33.954761505000135 ], [ 73.377532959000121, 33.954650879000042 ], [ 73.376266479000094, 33.954570770000089 ], [ 73.374376933000121, 33.955019633000177 ], [ 73.374282837000123, 33.955829620000145 ], [ 73.376403809000124, 33.957370758000138 ], [ 73.378158569000163, 33.959098816000107 ], [ 73.378166199000077, 33.960170746000188 ], [ 73.378196716000048, 33.960971831999984 ], [ 73.378700256000116, 33.962341309000067 ], [ 73.379989624000075, 33.962398529000041 ], [ 73.38192749000018, 33.962070465000068 ], [ 73.383712769000169, 33.962059021000186 ], [ 73.385437012000125, 33.962421417000144 ], [ 73.387336731000175, 33.963970184000118 ], [ 73.388488770000038, 33.965011597000057 ], [ 73.389709473000039, 33.966560364000031 ], [ 73.390823364000084, 33.968719482000154 ], [ 73.391777039000033, 33.970329285000048 ], [ 73.392196655000134, 33.971420288000161 ], [ 73.392562866000162, 33.97224044800015 ], [ 73.393419068000128, 33.97345031500015 ], [ 73.396797180000192, 33.974899292000032 ], [ 73.398033142000145, 33.97520828200004 ], [ 73.401351929000043, 33.975830078000172 ], [ 73.402633667000032, 33.975990294999974 ], [ 73.404113770000038, 33.975780487000065 ], [ 73.404663086000141, 33.975498199000128 ], [ 73.40541839600013, 33.974491119000106 ], [ 73.406013489000088, 33.973209381000117 ], [ 73.406967163000104, 33.972229004000098 ], [ 73.408363342000087, 33.971561432000101 ], [ 73.409370422000109, 33.97103118900003 ], [ 73.411239624000018, 33.969089508000025 ], [ 73.413177490000123, 33.968139648000147 ], [ 73.41422271700003, 33.967201233000026 ], [ 73.41488647500006, 33.966171265000071 ], [ 73.414749146000133, 33.96541976900005 ], [ 73.414466858000083, 33.964420319000169 ], [ 73.414817810000159, 33.962909698000146 ], [ 73.417823791999979, 33.960979462000125 ], [ 73.418167114000141, 33.959880829000042 ], [ 73.417472839000197, 33.959049225000172 ], [ 73.416206360000103, 33.95827102700008 ], [ 73.416183472000171, 33.956569672000114 ], [ 73.417671204000158, 33.955551147000108 ], [ 73.419403076000094, 33.95515823400001 ], [ 73.4208831790001, 33.955219269 ], [ 73.422599792000085, 33.955299377000074 ], [ 73.423576355000193, 33.955600739000147 ], [ 73.424140930000078, 33.956279755000025 ], [ 73.423599243000126, 33.957859039000141 ], [ 73.422767639000028, 33.959980011000084 ], [ 73.423080444000107, 33.961551666000048 ], [ 73.423629761000143, 33.962440491000109 ], [ 73.424430847000167, 33.962989807000099 ], [ 73.425498962000177, 33.963481903000115 ], [ 73.427200316999972, 33.964019775000054 ], [ 73.428848267000092, 33.964611053000112 ], [ 73.430313110000043, 33.965309143000127 ], [ 73.431297302000132, 33.966289519999975 ], [ 73.43182373000019, 33.967079163000051 ], [ 73.432479858000136, 33.967849731000058 ], [ 73.433967590000123, 33.968921661000081 ], [ 73.435386658000084, 33.969890594000049 ], [ 73.436576843000068, 33.970920563000107 ], [ 73.437438965000183, 33.97224044800015 ], [ 73.438552856000058, 33.973548889000142 ], [ 73.439483643000074, 33.974098206 ], [ 73.440299988000049, 33.974708557000156 ], [ 73.44066619900002, 33.975528716999975 ], [ 73.440528870000151, 33.97642135600006 ], [ 73.440696716000161, 33.978260040000123 ], [ 73.441589355000019, 33.979518890000179 ], [ 73.44209289600002, 33.98081970200019 ], [ 73.442398071000184, 33.981819153000174 ], [ 73.443336487000181, 33.982929230000082 ], [ 73.443733215000123, 33.983539581000059 ], [ 73.445236206000061, 33.984249115000125 ], [ 73.446800232000157, 33.985031128000116 ], [ 73.447853088000045, 33.98566818200004 ], [ 73.449012756000059, 33.98674011200012 ], [ 73.450103760000104, 33.9879188540001 ], [ 73.450942993000183, 33.988719940000124 ], [ 73.452117920000148, 33.989528656000061 ], [ 73.453002930000196, 33.990188599000078 ], [ 73.453849792000085, 33.991001129000153 ], [ 73.45433430300011, 33.991712243000165 ], [ 73.454872131, 33.992691040000068 ], [ 73.455886841000165, 33.993709564000142 ], [ 73.456672668000067, 33.99430084200003 ], [ 73.457656860000156, 33.994838715000071 ], [ 73.458778381000116, 33.995548248000034 ], [ 73.459823608000193, 33.996459961000085 ], [ 73.46032714800009, 33.997200012000121 ], [ 73.460769653, 33.998249054000041 ], [ 73.461971283000139, 33.999614716000053 ], [ 73.463211060000162, 34.00035858200016 ], [ 73.463912964000144, 34.00106811500018 ], [ 73.46470642100013, 34.001640320000149 ], [ 73.465209961000085, 34.00217056300005 ], [ 73.463996887000064, 34.003879547000054 ], [ 73.465080261000196, 34.004390717000092 ], [ 73.468368530000191, 34.007110596000132 ], [ 73.468696594000164, 34.007728577000023 ], [ 73.469566345000089, 34.008689880000077 ], [ 73.470069884999987, 34.010341644000164 ], [ 73.471542358000079, 34.011760712000125 ], [ 73.471473694000053, 34.012878418000071 ], [ 73.471443176000037, 34.014259338000102 ], [ 73.471763610999972, 34.015861511000082 ], [ 73.471903165000185, 34.016655625000055 ], [ 73.47319793700018, 34.016269684000179 ], [ 73.474563599000192, 34.015911102000189 ], [ 73.475418091000051, 34.015560150000113 ], [ 73.476722717000143, 34.015148163000049 ], [ 73.478607178, 34.015560150000113 ], [ 73.48002624500009, 34.016361237000012 ], [ 73.482887268000127, 34.017391204999967 ], [ 73.485603333000086, 34.018081665000125 ], [ 73.486961365000184, 34.018169403000059 ], [ 73.488380432000042, 34.018169403000059 ], [ 73.490570068000068, 34.018241882000098 ], [ 73.49268341100003, 34.018280029000152 ], [ 73.494293213000162, 34.018280029000152 ], [ 73.495536804000153, 34.018051147000051 ], [ 73.49655914300007, 34.017890930000021 ], [ 73.497589111000195, 34.017681122000113 ], [ 73.498779297000112, 34.017620087000125 ], [ 73.50019073500016, 34.017410278000057 ], [ 73.500892639000142, 34.017150878999985 ] ] ], [ [ [ 69.554191589000084, 28.123756409 ], [ 69.549095154000156, 28.122514725000144 ], [ 69.542778015000181, 28.122539520000146 ], [ 69.537696838000159, 28.124183655000024 ], [ 69.53322601300016, 28.127269745000092 ], [ 69.529380798000034, 28.132337570000118 ], [ 69.528190613000049, 28.138477325000167 ], [ 69.527648926000097, 28.152917862000152 ], [ 69.527297973000088, 28.163745880000022 ], [ 69.526092529000039, 28.168081284000095 ], [ 69.524673462000123, 28.169530868000152 ], [ 69.518363953000062, 28.171360016000165 ], [ 69.516128540000125, 28.173534393000182 ], [ 69.514122009000062, 28.178955078000115 ], [ 69.513114929000039, 28.182209015000126 ], [ 69.510681152000018, 28.184743881000088 ], [ 69.508247375, 28.187099457000102 ], [ 69.503921509, 28.190500259000089 ], [ 69.496406555000135, 28.195760727000163 ], [ 69.490501404000156, 28.198308945000122 ], [ 69.482772827000076, 28.202486038000188 ], [ 69.479244200000039, 28.203708561000155 ], [ 69.474426270000038, 28.205404282000018 ], [ 69.46893310500019, 28.208671570000035 ], [ 69.466705322000166, 28.211385727000163 ], [ 69.466918945000145, 28.213911057000189 ], [ 69.467956543000014, 28.217517853000174 ], [ 69.47144317600015, 28.222198486000138 ], [ 69.475547791, 28.228681564000055 ], [ 69.478637695000032, 28.235166550000031 ], [ 69.48030090300017, 28.242742539000062 ], [ 69.480316162000122, 28.24563026400017 ], [ 69.479530334000117, 28.252054214 ], [ 69.477310181000178, 28.257837296000162 ], [ 69.475898742000197, 28.260910034000176 ], [ 69.475135803000057, 28.264833450000083 ], [ 69.477197795000109, 28.263913185000092 ], [ 69.482063293000181, 28.261741638000046 ], [ 69.487960815000179, 28.258651733000136 ], [ 69.491821289000029, 28.255208969000023 ], [ 69.497718811000198, 28.250675201000035 ], [ 69.501983643000074, 28.247051239000029 ], [ 69.507072449000134, 28.244504929000072 ], [ 69.513587952000194, 28.241592407000098 ], [ 69.514613212000143, 28.240780083000061 ], [ 69.519073486000025, 28.237239838000164 ], [ 69.521911621000129, 28.233440399000074 ], [ 69.525360106999983, 28.229816437000125 ], [ 69.527786255000194, 28.225475311000082 ], [ 69.529602051000154, 28.22113800000011 ], [ 69.530998230000137, 28.214815140000098 ], [ 69.533027649000076, 28.212099075000026 ], [ 69.536270142000035, 28.2093791960001 ], [ 69.539939880000077, 28.208282471000075 ], [ 69.546669006000172, 28.208074570000178 ], [ 69.551559448000148, 28.207513809000034 ], [ 69.560722351000038, 28.205310822000115 ], [ 69.572532654000156, 28.202552796000191 ], [ 69.577621460000046, 28.201267242000029 ], [ 69.580558777000135, 28.200038909999989 ], [ 69.581771851000155, 28.198228836000169 ], [ 69.581764221000071, 28.197507858000051 ], [ 69.581756592000033, 28.196063995000031 ], [ 69.580307007000101, 28.192098617 ], [ 69.574966431000178, 28.185083389000113 ], [ 69.569839478000063, 28.178607941000053 ], [ 69.567977905000134, 28.173563004000187 ], [ 69.566917420000038, 28.166709900000171 ], [ 69.566696167000146, 28.163642883000136 ], [ 69.564437866000048, 28.159862518000068 ], [ 69.563194275000114, 28.156438828000148 ], [ 69.562370300000055, 28.154277802000024 ], [ 69.56235504100016, 28.151571274000105 ], [ 69.563957214000084, 28.14632988 ], [ 69.565155029000152, 28.142175674000043 ], [ 69.565139771000133, 28.138204574999975 ], [ 69.564300537000179, 28.134418488000165 ], [ 69.562377930000139, 28.130039215000124 ], [ 69.559265137000068, 28.126775742000177 ], [ 69.558747128000107, 28.126467468000101 ], [ 69.554191589000084, 28.123756409 ] ] ], [ [ [ 69.59803772000015, 28.347969055000078 ], [ 69.604576111000142, 28.347579956000118 ], [ 69.613563538000108, 28.348079681000172 ], [ 69.619293213000162, 28.349678040000185 ], [ 69.627067566000107, 28.352348328000119 ], [ 69.631561279000039, 28.353050232000157 ], [ 69.635444641000163, 28.352849960000071 ], [ 69.638702392000141, 28.351932526000041 ], [ 69.649902344000111, 28.346282959 ], [ 69.650773295000135, 28.345613537000077 ], [ 69.661483765000128, 28.337381363000134 ], [ 69.669218302000161, 28.331454316000134 ], [ 69.670021057000042, 28.330839157000128 ], [ 69.674270630000194, 28.325403213000129 ], [ 69.676890232000062, 28.322756858000105 ], [ 69.67893981900005, 28.320686340000179 ], [ 69.685623169000053, 28.312528610000072 ], [ 69.692657471000189, 28.303424835000044 ], [ 69.696296692000089, 28.299255371000072 ], [ 69.702590942000029, 28.293806076000124 ], [ 69.707885742000087, 28.292154312000036 ], [ 69.714416504000098, 28.292118073000154 ], [ 69.71891021700003, 28.292995453000117 ], [ 69.723625183000024, 28.295316696000043 ], [ 69.727119446000074, 28.298906326000065 ], [ 69.733695984000121, 28.304645538000102 ], [ 69.740875244000108, 28.309659958 ], [ 69.745788574000017, 28.312158585000077 ], [ 69.749473572000113, 28.313220978000118 ], [ 69.751518250000174, 28.313570023000182 ], [ 69.75621032700019, 28.312641144000111 ], [ 69.75783459400003, 28.311548405000053 ], [ 69.758018494000112, 28.309200287000067 ], [ 69.757987976000095, 28.305229187000123 ], [ 69.755493164000086, 28.298927307000099 ], [ 69.753181458000142, 28.292844772000137 ], [ 69.750709534000066, 28.281141280999975 ], [ 69.750244141000167, 28.278553009000063 ], [ 69.749710083000025, 28.264347075999979 ], [ 69.747353366000198, 28.249207255000101 ], [ 69.743217468000125, 28.241283417000147 ], [ 69.738082885999972, 28.236619949000101 ], [ 69.732765198000038, 28.234664917000146 ], [ 69.728759766000053, 28.234464645000116 ], [ 69.722442627000078, 28.23576355 ], [ 69.718376160000162, 28.237770080000132 ], [ 69.714523315000122, 28.240678787000036 ], [ 69.712303162000183, 28.243940353000028 ], [ 69.709877014000028, 28.247383118000073 ], [ 69.708061218000068, 28.250459671000158 ], [ 69.705627441000047, 28.253000259000032 ], [ 69.70197296200007, 28.25518608100009 ], [ 69.697097778000114, 28.258460999000135 ], [ 69.694046021000133, 28.259199142 ], [ 69.6875, 28.25760841400006 ], [ 69.684226990000127, 28.255640030000052 ], [ 69.677268982000101, 28.252428055000109 ], [ 69.67256164600019, 28.250104904000011 ], [ 69.67008209200003, 28.245965958000056 ], [ 69.670661926000037, 28.240549088000023 ], [ 69.673675537000065, 28.233314514000085 ], [ 69.673645020000095, 28.229164123000146 ], [ 69.672187805000078, 28.224298477000048 ], [ 69.668914795000148, 28.222509384000091 ], [ 69.664825439000197, 28.22090721100011 ], [ 69.663705472000174, 28.220722391000095 ], [ 69.662582398000154, 28.220556259000034 ], [ 69.656265259000179, 28.222032546999969 ], [ 69.649543762000121, 28.223690032999968 ], [ 69.63976287800017, 28.225360870000145 ], [ 69.632697962000179, 28.226130373000103 ], [ 69.629371643000013, 28.226493836000088 ], [ 69.623046875000057, 28.226705551000123 ], [ 69.616310120000151, 28.225833893000072 ], [ 69.611198425000055, 28.223691940000037 ], [ 69.607513428000061, 28.220821381000121 ], [ 69.605674743000066, 28.22028732299998 ], [ 69.604454041000167, 28.220474243000183 ], [ 69.603446960000042, 28.223005295000178 ], [ 69.602043152000078, 28.227523804000043 ], [ 69.600456238000049, 28.234930038000186 ], [ 69.598861694000107, 28.241254807000075 ], [ 69.597793579000097, 28.244249344000139 ], [ 69.597297668000181, 28.244689941000104 ], [ 69.597252469000068, 28.245205660000011 ], [ 69.597198486000138, 28.251066208000168 ], [ 69.596214294000106, 28.257207870000116 ], [ 69.595848083000078, 28.266504288000135 ], [ 69.595275879000155, 28.273183823000068 ], [ 69.594291687000066, 28.280048370000088 ], [ 69.591690063000101, 28.288362503000087 ], [ 69.588661194000053, 28.294511795000119 ], [ 69.583793640000181, 28.299587250000059 ], [ 69.57933044400005, 28.304840088 ], [ 69.575691223000092, 28.310811996000155 ], [ 69.573455811000088, 28.315683365000041 ], [ 69.565948486000195, 28.329051971000013 ], [ 69.563117981, 28.334478378000028 ], [ 69.561438269000121, 28.337622534000104 ], [ 69.556449890000124, 28.346960067999987 ], [ 69.553413391000163, 28.352388382000072 ], [ 69.549964905000081, 28.357637405000162 ], [ 69.546318054000096, 28.363428116000136 ], [ 69.543067932000099, 28.366870880000022 ], [ 69.540634155000077, 28.369226456000092 ], [ 69.539413452000076, 28.371217728000147 ], [ 69.537391663000051, 28.374654770000177 ], [ 69.533538818000181, 28.380807877000052 ], [ 69.532531738000159, 28.38315773000005 ], [ 69.532729277000101, 28.385489806000123 ], [ 69.533367019000082, 28.387973572000078 ], [ 69.533576965000066, 28.388750076000065 ], [ 69.535018921000187, 28.390548706000175 ], [ 69.539939880000077, 28.393417358000022 ], [ 69.548530579000101, 28.395910263000133 ], [ 69.552009582999972, 28.396257401000128 ], [ 69.555686951000155, 28.396602631000064 ], [ 69.559150696000131, 28.39514350900015 ], [ 69.565849304000153, 28.386270523000121 ], [ 69.576569305000078, 28.371036273000186 ], [ 69.57922363300014, 28.367261887000154 ], [ 69.581237793000184, 28.361656189000144 ], [ 69.582237244, 28.356958389000113 ], [ 69.583435059000124, 28.353162766000025 ], [ 69.585060119000104, 28.35099029600002 ], [ 69.588043213000162, 28.34927749600007 ], [ 69.59803772000015, 28.347969055000078 ] ] ] ] } }
]
}
